[0.000000] (-) TimerEvent: {}
[0.000638] (-) JobUnselected: {'identifier': 'brain'}
[0.000781] (-) JobUnselected: {'identifier': 'cv'}
[0.001001] (-) JobUnselected: {'identifier': 'cv_testing'}
[0.001068] (-) JobUnselected: {'identifier': 'mavros_control'}
[0.001120] (-) JobUnselected: {'identifier': 'tasks'}
[0.001173] (interfaces) JobQueued: {'identifier': 'interfaces', 'dependencies': OrderedDict()}
[0.001228] (ekfslam) JobQueued: {'identifier': 'ekfslam', 'dependencies': OrderedDict([('interfaces', '/home/kushion/Documents/OpenMantaClaus/install/interfaces')])}
[0.001288] (interfaces) JobStarted: {'identifier': 'interfaces'}
[0.024392] (interfaces) JobProgress: {'identifier': 'interfaces', 'progress': 'cmake'}
[0.025205] (interfaces) Command: {'cmd': ['/usr/bin/cmake', '/home/kushion/Documents/OpenMantaClaus/src/interfaces', '-DCMAKE_INSTALL_PREFIX=/home/kushion/Documents/OpenMantaClaus/install/interfaces'], 'cwd': '/home/kushion/Documents/OpenMantaClaus/build/interfaces', 'env': OrderedDict([('GJS_DEBUG_TOPICS', 'JS ERROR;JS LOG'), ('PYTHON_BASIC_REPL', '1'), ('LESSOPEN', '| /usr/bin/lesspipe %s'), ('GZ_SIM_RESOURCE_PATH', ':/home/kushion/Documents/robocup_work/src/robot_description/model:/home/kushion/Documents/robocup_work/src/robot_description/model'), ('LANGUAGE', 'en_AU:en'), ('USER', 'kushion'), ('FONTCONFIG_PATH', '/etc/fonts'), ('GZ_CONFIG_PATH', '/usr/share/gz'), ('GIT_EDITOR', ':'), ('GIO_MODULE_DIR', '/home/kushion/snap/code/common/.cache/gio-modules'), ('XDG_SESSION_TYPE', 'wayland'), ('GIT_ASKPASS', '/snap/code/235/usr/share/code/resources/app/extensions/git/dist/askpass.sh'), ('GTK_EXE_PREFIX_VSCODE_SNAP_ORIG', ''), ('GDK_BACKEND_VSCODE_SNAP_ORIG', ''), ('SHLVL', '1'), ('LD_LIBRARY_PATH', '/home/kushion/Desktop/piles/pile_detection/IsaacSim-ros_workspaces/humble_ws/install/isaac_ros2_messages/lib:/home/kushion/Desktop/piles/pile_detection/IsaacSim-ros_workspaces/humble_ws/install/custom_message/lib:/opt/ros/humble/opt/rviz_ogre_vendor/lib:/opt/ros/humble/lib/x86_64-linux-gnu:/opt/ros/humble/lib::/home/kushion/Documents/acados/lib:/home/kushion/Documents/robocup_work/c_generated_code:/home/kushion/Documents/acados/lib:/home/kushion/Documents/robocup_work/c_generated_code'), ('ACADOS_SOURCE_DIR', '/home/kushion/Documents/acados'), ('HOME', '/home/kushion'), ('CHROME_DESKTOP', 'code.desktop'), ('LOCPATH_VSCODE_SNAP_ORIG', ''), ('TERM_PROGRAM_VERSION', '1.117.0'), ('DESKTOP_SESSION', 'ubuntu'), ('GTK_PATH', '/snap/code/235/usr/lib/x86_64-linux-gnu/gtk-3.0'), ('XDG_DATA_HOME_VSCODE_SNAP_ORIG', ''), ('GTK_IM_MODULE_FILE', '/home/kushion/snap/code/common/.cache/immodules/immodules.cache'), ('GIO_LAUNCHED_DESKTOP_FILE', '/var/lib/snapd/desktop/applications/code_code.desktop'), ('ROS_PYTHON_VERSION', '3'), ('GNOME_SHELL_SESSION_MODE', 'ubuntu'), ('GTK_MODULES', 'gail:atk-bridge'), ('GSETTINGS_SCHEMA_DIR_VSCODE_SNAP_ORIG', ''), ('VSCODE_GIT_ASKPASS_MAIN', '/snap/code/235/usr/share/code/resources/app/extensions/git/dist/askpass-main.js'), ('VSCODE_GIT_ASKPASS_NODE', '/snap/code/235/usr/share/code/code'), ('MANAGERPID', '1230'), ('PYDEVD_DISABLE_FILE_VALIDATION', '1'), ('SYSTEMD_EXEC_PID', '1528'), ('BUNDLED_DEBUGPY_PATH', '/home/kushion/.vscode/extensions/ms-python.debugpy-2026.6.0-linux-x64/bundled/libs/debugpy'), ('IM_CONFIG_CHECK_ENV', '1'), ('VSCODE_PYTHON_AUTOACTIVATE_GUARD', '1'), ('DBUS_SESSION_BUS_ADDRESS', 'unix:path=/run/user/1000/bus'), ('COLORTERM', 'truecolor'), ('GIO_LAUNCHED_DESKTOP_FILE_PID', '494115'), ('IM_CONFIG_PHASE', '1'), ('WAYLAND_DISPLAY', 'wayland-0'), ('COLCON_PREFIX_PATH', '/home/kushion/Desktop/piles/pile_detection/IsaacSim-ros_workspaces/humble_ws/install'), ('ROS_DISTRO', 'humble'), ('LOGNAME', 'kushion'), ('JOURNAL_STREAM', '8:26819'), ('_', '/usr/bin/colcon'), ('ROS_VERSION', '2'), ('XDG_CONFIG_DIRS_VSCODE_SNAP_ORIG', '/etc/xdg/xdg-ubuntu:/etc/xdg'), ('XDG_SESSION_CLASS', 'user'), ('XDG_DATA_DIRS_VSCODE_SNAP_ORIG', '/usr/share/ubuntu:/usr/local/share/:/usr/share/:/var/lib/snapd/desktop'), ('USERNAME', 'kushion'), ('TERM', 'xterm-256color'), ('GNOME_DESKTOP_SESSION_ID', 'this-is-deprecated'), ('FC_FONTATIONS', '1'), ('ROS_LOCALHOST_ONLY', '0'), ('HISTCONTROL', 'ignorespace'), ('PATH', '/home/kushion/.config/Code/User/globalStorage/github.copilot-chat/debugCommand:/home/kushion/.config/Code/User/globalStorage/github.copilot-chat/copilotCli:/home/kushion/Documents/ardupilot/Tools/autotest:/usr/lib/ccache:/home/kushion/Desktop/SAUVC/ardupilot/Tools/autotest:/opt/gcc-arm-none-eabi-10-2020-q4-major/bin:/home/kushion/.local/bin:/opt/ros/humble/bin:/home/kushion/Documents/ardupilot/Tools/autotest:/usr/lib/ccache:/home/kushion/Desktop/SAUVC/ardupilot/Tools/autotest:/opt/gcc-arm-none-eabi-10-2020-q4-major/bin:/home/kushion/.local/bin:/usr/local/sbin:/usr/local/bin:/usr/sbin:/usr/bin:/sbin:/bin:/usr/games:/usr/local/games:/snap/bin:/snap/bin:/home/kushion/.vscode/extensions/ms-python.debugpy-2026.6.0-linux-x64/bundled/scripts/noConfigScripts'), ('SESSION_MANAGER', 'local/kushion-Inspiron-16-Plus-7640:@/tmp/.ICE-unix/1502,unix/kushion-Inspiron-16-Plus-7640:/tmp/.ICE-unix/1502'), ('GTK_EXE_PREFIX', '/snap/code/235/usr'), ('INVOCATION_ID', '6961dd283a234b75911ffe506126379d'), ('XDG_MENU_PREFIX', 'gnome-'), ('GNOME_SETUP_DISPLAY', ':1'), ('XDG_RUNTIME_DIR', '/run/user/1000'), ('GDK_BACKEND', 'x11'), ('DISPLAY', ':0'), ('LOCPATH', '/snap/code/235/usr/lib/locale'), ('VSCODE_DEBUGPY_ADAPTER_ENDPOINTS', '/home/kushion/.vscode/extensions/ms-python.debugpy-2026.6.0-linux-x64/.noConfigDebugAdapterEndpoints/endpoint-3c455a856550ef91.txt'), ('LANG', 'en_US.UTF-8'), ('XDG_CURRENT_DESKTOP', 'ubuntu:GNOME'), ('PYTHONSTARTUP', '/home/kushion/.config/Code/User/workspaceStorage/7c773a938c815b93dd5471a2c4c26d0a/ms-python.python/pythonrc.py'), ('GIO_MODULE_DIR_VSCODE_SNAP_ORIG', ''), ('XDG_DATA_HOME', '/home/kushion/snap/code/235/.local/share'), ('XMODIFIERS', '@im=ibus'), ('XDG_SESSION_DESKTOP', 'ubuntu'), ('XAUTHORITY', '/run/user/1000/.mutter-Xwaylandauth.0P72Q3'), ('LS_COLORS', 'rs=0:di=01;34:ln=01;36:mh=00:pi=40;33:so=01;35:do=01;35:bd=40;33;01:cd=40;33;01:or=40;31;01:mi=00:su=37;41:sg=30;43:ca=30;41:tw=30;42:ow=34;42:st=37;44:ex=01;32:*.tar=01;31:*.tgz=01;31:*.arc=01;31:*.arj=01;31:*.taz=01;31:*.lha=01;31:*.lz4=01;31:*.lzh=01;31:*.lzma=01;31:*.tlz=01;31:*.txz=01;31:*.tzo=01;31:*.t7z=01;31:*.zip=01;31:*.z=01;31:*.dz=01;31:*.gz=01;31:*.lrz=01;31:*.lz=01;31:*.lzo=01;31:*.xz=01;31:*.zst=01;31:*.tzst=01;31:*.bz2=01;31:*.bz=01;31:*.tbz=01;31:*.tbz2=01;31:*.tz=01;31:*.deb=01;31:*.rpm=01;31:*.jar=01;31:*.war=01;31:*.ear=01;31:*.sar=01;31:*.rar=01;31:*.alz=01;31:*.ace=01;31:*.zoo=01;31:*.cpio=01;31:*.7z=01;31:*.rz=01;31:*.cab=01;31:*.wim=01;31:*.swm=01;31:*.dwm=01;31:*.esd=01;31:*.jpg=01;35:*.jpeg=01;35:*.mjpg=01;35:*.mjpeg=01;35:*.gif=01;35:*.bmp=01;35:*.pbm=01;35:*.pgm=01;35:*.ppm=01;35:*.tga=01;35:*.xbm=01;35:*.xpm=01;35:*.tif=01;35:*.tiff=01;35:*.png=01;35:*.svg=01;35:*.svgz=01;35:*.mng=01;35:*.pcx=01;35:*.mov=01;35:*.mpg=01;35:*.mpeg=01;35:*.m2v=01;35:*.mkv=01;35:*.webm=01;35:*.webp=01;35:*.ogm=01;35:*.mp4=01;35:*.m4v=01;35:*.mp4v=01;35:*.vob=01;35:*.qt=01;35:*.nuv=01;35:*.wmv=01;35:*.asf=01;35:*.rm=01;35:*.rmvb=01;35:*.flc=01;35:*.avi=01;35:*.fli=01;35:*.flv=01;35:*.gl=01;35:*.dl=01;35:*.xcf=01;35:*.xwd=01;35:*.yuv=01;35:*.cgm=01;35:*.emf=01;35:*.ogv=01;35:*.ogx=01;35:*.aac=00;36:*.au=00;36:*.flac=00;36:*.m4a=00;36:*.mid=00;36:*.midi=00;36:*.mka=00;36:*.mp3=00;36:*.mpc=00;36:*.ogg=00;36:*.ra=00;36:*.wav=00;36:*.oga=00;36:*.opus=00;36:*.spx=00;36:*.xspf=00;36:'), ('VSCODE_GIT_IPC_HANDLE', '/run/user/1000/vscode-git-6cdf9cd762.sock'), ('TERM_PROGRAM', 'vscode'), ('SSH_AGENT_LAUNCHER', 'gnome-keyring'), ('SSH_AUTH_SOCK', '/run/user/1000/keyring/ssh'), ('GSETTINGS_SCHEMA_DIR', '/home/kushion/snap/code/235/.local/share/glib-2.0/schemas'), ('ROS_DOMAIN_ID', '0'), ('AMENT_PREFIX_PATH', '/home/kushion/Desktop/piles/pile_detection/IsaacSim-ros_workspaces/humble_ws/install/iw_hub_navigation:/home/kushion/Desktop/piles/pile_detection/IsaacSim-ros_workspaces/humble_ws/install/isaacsim:/home/kushion/Desktop/piles/pile_detection/IsaacSim-ros_workspaces/humble_ws/install/isaac_tutorials:/home/kushion/Desktop/piles/pile_detection/IsaacSim-ros_workspaces/humble_ws/install/isaac_ros_navigation_goal:/home/kushion/Desktop/piles/pile_detection/IsaacSim-ros_workspaces/humble_ws/install/isaac_ros2_messages:/home/kushion/Desktop/piles/pile_detection/IsaacSim-ros_workspaces/humble_ws/install/isaac_moveit:/home/kushion/Desktop/piles/pile_detection/IsaacSim-ros_workspaces/humble_ws/install/h1_fullbody_controller:/home/kushion/Desktop/piles/pile_detection/IsaacSim-ros_workspaces/humble_ws/install/custom_message:/home/kushion/Desktop/piles/pile_detection/IsaacSim-ros_workspaces/humble_ws/install/cmdvel_to_ackermann:/home/kushion/Desktop/piles/pile_detection/IsaacSim-ros_workspaces/humble_ws/install/carter_navigation:/opt/ros/humble'), ('SHELL', '/bin/bash'), ('QT_ACCESSIBILITY', '1'), ('GDMSESSION', 'ubuntu'), ('LESSCLOSE', '/usr/bin/lesspipe %s %s'), ('GTK_PATH_VSCODE_SNAP_ORIG', ''), ('FONTCONFIG_FILE', '/etc/fonts/fonts.conf'), ('GTK_IM_MODULE_FILE_VSCODE_SNAP_ORIG', ''), ('GJS_DEBUG_OUTPUT', 'stderr'), ('GZ_VERSION', 'harmonic'), ('VSCODE_GIT_ASKPASS_EXTRA_ARGS', ''), ('GIT_PAGER', 'cat'), ('QT_IM_MODULE', 'ibus'), ('PWD', '/home/kushion/Documents/OpenMantaClaus/build/interfaces'), ('GIT_MERGE_AUTOEDIT', 'no'), ('GZ_TRANSPORT_USE_SHARED_MEMORY', '0'), ('LC_ALL', 'en_US.UTF-8'), ('XDG_CONFIG_DIRS', '/etc/xdg/xdg-ubuntu:/etc/xdg'), ('XDG_DATA_DIRS', '/home/kushion/snap/code/235/.local/share:/home/kushion/snap/code/235:/snap/code/235/usr/share:/usr/share/ubuntu:/usr/local/share/:/usr/share/:/var/lib/snapd/desktop'), ('PYTHONPATH', '/home/kushion/Desktop/piles/pile_detection/IsaacSim-ros_workspaces/humble_ws/install/isaac_ros_navigation_goal/lib/python3.10/site-packages:/home/kushion/Desktop/piles/pile_detection/IsaacSim-ros_workspaces/humble_ws/install/isaac_ros2_messages/local/lib/python3.10/dist-packages:/home/kushion/Desktop/piles/pile_detection/IsaacSim-ros_workspaces/humble_ws/install/custom_message/local/lib/python3.10/dist-packages:/opt/ros/humble/lib/python3.10/site-packages:/opt/ros/humble/local/lib/python3.10/dist-packages'), ('COLCON', '1'), ('CMAKE_PREFIX_PATH', '/home/kushion/Desktop/piles/pile_detection/IsaacSim-ros_workspaces/humble_ws/install/iw_hub_navigation:/home/kushion/Desktop/piles/pile_detection/IsaacSim-ros_workspaces/humble_ws/install/isaacsim:/home/kushion/Desktop/piles/pile_detection/IsaacSim-ros_workspaces/humble_ws/install/isaac_tutorials:/home/kushion/Desktop/piles/pile_detection/IsaacSim-ros_workspaces/humble_ws/install/isaac_ros2_messages:/home/kushion/Desktop/piles/pile_detection/IsaacSim-ros_workspaces/humble_ws/install/isaac_moveit:/home/kushion/Desktop/piles/pile_detection/IsaacSim-ros_workspaces/humble_ws/install/h1_fullbody_controller:/home/kushion/Desktop/piles/pile_detection/IsaacSim-ros_workspaces/humble_ws/install/custom_message:/home/kushion/Desktop/piles/pile_detection/IsaacSim-ros_workspaces/humble_ws/install/cmdvel_to_ackermann:/home/kushion/Desktop/piles/pile_detection/IsaacSim-ros_workspaces/humble_ws/install/carter_navigation:/home/kushion/Desktop/piles/pile_detection/IsaacSim-ros_workspaces/humble_ws/install/isaac_ros_navigation_goal:/opt/ros/humble')]), 'shell': False}
[0.099548] (-) TimerEvent: {}
[0.200037] (-) TimerEvent: {}
[0.232835] (interfaces) StdoutLine: {'line': b'-- The C compiler identification is GNU 11.4.0\n'}
[0.300266] (-) TimerEvent: {}
[0.330315] (interfaces) StdoutLine: {'line': b'-- The CXX compiler identification is GNU 11.4.0\n'}
[0.354061] (interfaces) StdoutLine: {'line': b'-- Detecting C compiler ABI info\n'}
[0.400450] (-) TimerEvent: {}
[0.454222] (interfaces) StdoutLine: {'line': b'-- Detecting C compiler ABI info - done\n'}
[0.467420] (interfaces) StdoutLine: {'line': b'-- Check for working C compiler: /usr/lib/ccache/cc - skipped\n'}
[0.468411] (interfaces) StdoutLine: {'line': b'-- Detecting C compile features\n'}
[0.469533] (interfaces) StdoutLine: {'line': b'-- Detecting C compile features - done\n'}
[0.475478] (interfaces) StdoutLine: {'line': b'-- Detecting CXX compiler ABI info\n'}
[0.500591] (-) TimerEvent: {}
[0.584537] (interfaces) StdoutLine: {'line': b'-- Detecting CXX compiler ABI info - done\n'}
[0.595324] (interfaces) StdoutLine: {'line': b'-- Check for working CXX compiler: /usr/lib/ccache/c++ - skipped\n'}
[0.595602] (interfaces) StdoutLine: {'line': b'-- Detecting CXX compile features\n'}
[0.596093] (interfaces) StdoutLine: {'line': b'-- Detecting CXX compile features - done\n'}
[0.600670] (-) TimerEvent: {}
[0.616645] (interfaces) StdoutLine: {'line': b'-- Found ament_cmake: 1.3.12 (/opt/ros/humble/share/ament_cmake/cmake)\n'}
[0.700838] (-) TimerEvent: {}
[0.801298] (-) TimerEvent: {}
[0.901720] (-) TimerEvent: {}
[1.002148] (-) TimerEvent: {}
[1.102589] (-) TimerEvent: {}
[1.120943] (interfaces) StdoutLine: {'line': b'-- Found Python3: /usr/bin/python3 (found version "3.10.12") found components: Interpreter \n'}
[1.202760] (-) TimerEvent: {}
[1.297104] (interfaces) StdoutLine: {'line': b'-- Found rosidl_default_generators: 1.2.0 (/opt/ros/humble/share/rosidl_default_generators/cmake)\n'}
[1.302853] (-) TimerEvent: {}
[1.306794] (interfaces) StdoutLine: {'line': b'-- Using all available rosidl_typesupport_c: rosidl_typesupport_fastrtps_c;rosidl_typesupport_introspection_c\n'}
[1.323437] (interfaces) StdoutLine: {'line': b'-- Found rosidl_adapter: 3.1.8 (/opt/ros/humble/share/rosidl_adapter/cmake)\n'}
[1.403049] (-) TimerEvent: {}
[1.421507] (interfaces) StdoutLine: {'line': b'-- Using all available rosidl_typesupport_cpp: rosidl_typesupport_fastrtps_cpp;rosidl_typesupport_introspection_cpp\n'}
[1.492858] (interfaces) StdoutLine: {'line': b'-- Found std_msgs: 4.9.0 (/opt/ros/humble/share/std_msgs/cmake)\n'}
[1.503161] (-) TimerEvent: {}
[1.603598] (-) TimerEvent: {}
[1.704146] (-) TimerEvent: {}
[1.804695] (-) TimerEvent: {}
[1.905233] (-) TimerEvent: {}
[1.976670] (interfaces) StdoutLine: {'line': b'-- Found ament_cmake_ros: 0.10.0 (/opt/ros/humble/share/ament_cmake_ros/cmake)\n'}
[2.005393] (-) TimerEvent: {}
[2.105935] (-) TimerEvent: {}
[2.206502] (-) TimerEvent: {}
[2.269104] (interfaces) StdoutLine: {'line': b'-- Using all available rosidl_typesupport_c: rosidl_typesupport_fastrtps_c;rosidl_typesupport_introspection_c\n'}
[2.306677] (-) TimerEvent: {}
[2.407219] (-) TimerEvent: {}
[2.507883] (-) TimerEvent: {}
[2.608375] (-) TimerEvent: {}
[2.708922] (-) TimerEvent: {}
[2.727070] (interfaces) StdoutLine: {'line': b'-- Using all available rosidl_typesupport_cpp: rosidl_typesupport_fastrtps_cpp;rosidl_typesupport_introspection_cpp\n'}
[2.775075] (interfaces) StdoutLine: {'line': b'-- Found PythonInterp: /usr/bin/python3 (found suitable version "3.10.12", minimum required is "3.6") \n'}
[2.780269] (interfaces) StdoutLine: {'line': b'-- Found python_cmake_module: 0.10.0 (/opt/ros/humble/share/python_cmake_module/cmake)\n'}
[2.809093] (-) TimerEvent: {}
[2.830237] (interfaces) StdoutLine: {'line': b'-- Found PythonLibs: /usr/lib/x86_64-linux-gnu/libpython3.10.so (found suitable version "3.10.12", minimum required is "3.5") \n'}
[2.830647] (interfaces) StdoutLine: {'line': b'-- Using PYTHON_EXECUTABLE: /usr/bin/python3\n'}
[2.830775] (interfaces) StdoutLine: {'line': b'-- Using PYTHON_INCLUDE_DIRS: /usr/include/python3.10\n'}
[2.830873] (interfaces) StdoutLine: {'line': b'-- Using PYTHON_LIBRARIES: /usr/lib/x86_64-linux-gnu/libpython3.10.so\n'}
[2.864743] (interfaces) StdoutLine: {'line': b'-- Found PythonExtra: .so  \n'}
[2.909254] (-) TimerEvent: {}
[2.949521] (interfaces) StdoutLine: {'line': b'-- Configuring done\n'}
[2.998742] (interfaces) StdoutLine: {'line': b'-- Generating done\n'}
[3.009357] (-) TimerEvent: {}
[3.013412] (interfaces) StdoutLine: {'line': b'-- Build files have been written to: /home/kushion/Documents/OpenMantaClaus/build/interfaces\n'}
[3.026105] (interfaces) CommandEnded: {'returncode': 0}
[3.027260] (interfaces) JobProgress: {'identifier': 'interfaces', 'progress': 'build'}
[3.028534] (interfaces) Command: {'cmd': ['/usr/bin/cmake', '--build', '/home/kushion/Documents/OpenMantaClaus/build/interfaces', '--', '-j22', '-l22'], 'cwd': '/home/kushion/Documents/OpenMantaClaus/build/interfaces', 'env': OrderedDict([('GJS_DEBUG_TOPICS', 'JS ERROR;JS LOG'), ('PYTHON_BASIC_REPL', '1'), ('LESSOPEN', '| /usr/bin/lesspipe %s'), ('GZ_SIM_RESOURCE_PATH', ':/home/kushion/Documents/robocup_work/src/robot_description/model:/home/kushion/Documents/robocup_work/src/robot_description/model'), ('LANGUAGE', 'en_AU:en'), ('USER', 'kushion'), ('FONTCONFIG_PATH', '/etc/fonts'), ('GZ_CONFIG_PATH', '/usr/share/gz'), ('GIT_EDITOR', ':'), ('GIO_MODULE_DIR', '/home/kushion/snap/code/common/.cache/gio-modules'), ('XDG_SESSION_TYPE', 'wayland'), ('GIT_ASKPASS', '/snap/code/235/usr/share/code/resources/app/extensions/git/dist/askpass.sh'), ('GTK_EXE_PREFIX_VSCODE_SNAP_ORIG', ''), ('GDK_BACKEND_VSCODE_SNAP_ORIG', ''), ('SHLVL', '1'), ('LD_LIBRARY_PATH', '/home/kushion/Desktop/piles/pile_detection/IsaacSim-ros_workspaces/humble_ws/install/isaac_ros2_messages/lib:/home/kushion/Desktop/piles/pile_detection/IsaacSim-ros_workspaces/humble_ws/install/custom_message/lib:/opt/ros/humble/opt/rviz_ogre_vendor/lib:/opt/ros/humble/lib/x86_64-linux-gnu:/opt/ros/humble/lib::/home/kushion/Documents/acados/lib:/home/kushion/Documents/robocup_work/c_generated_code:/home/kushion/Documents/acados/lib:/home/kushion/Documents/robocup_work/c_generated_code'), ('ACADOS_SOURCE_DIR', '/home/kushion/Documents/acados'), ('HOME', '/home/kushion'), ('CHROME_DESKTOP', 'code.desktop'), ('LOCPATH_VSCODE_SNAP_ORIG', ''), ('TERM_PROGRAM_VERSION', '1.117.0'), ('DESKTOP_SESSION', 'ubuntu'), ('GTK_PATH', '/snap/code/235/usr/lib/x86_64-linux-gnu/gtk-3.0'), ('XDG_DATA_HOME_VSCODE_SNAP_ORIG', ''), ('GTK_IM_MODULE_FILE', '/home/kushion/snap/code/common/.cache/immodules/immodules.cache'), ('GIO_LAUNCHED_DESKTOP_FILE', '/var/lib/snapd/desktop/applications/code_code.desktop'), ('ROS_PYTHON_VERSION', '3'), ('GNOME_SHELL_SESSION_MODE', 'ubuntu'), ('GTK_MODULES', 'gail:atk-bridge'), ('GSETTINGS_SCHEMA_DIR_VSCODE_SNAP_ORIG', ''), ('VSCODE_GIT_ASKPASS_MAIN', '/snap/code/235/usr/share/code/resources/app/extensions/git/dist/askpass-main.js'), ('VSCODE_GIT_ASKPASS_NODE', '/snap/code/235/usr/share/code/code'), ('MANAGERPID', '1230'), ('PYDEVD_DISABLE_FILE_VALIDATION', '1'), ('SYSTEMD_EXEC_PID', '1528'), ('BUNDLED_DEBUGPY_PATH', '/home/kushion/.vscode/extensions/ms-python.debugpy-2026.6.0-linux-x64/bundled/libs/debugpy'), ('IM_CONFIG_CHECK_ENV', '1'), ('VSCODE_PYTHON_AUTOACTIVATE_GUARD', '1'), ('DBUS_SESSION_BUS_ADDRESS', 'unix:path=/run/user/1000/bus'), ('COLORTERM', 'truecolor'), ('GIO_LAUNCHED_DESKTOP_FILE_PID', '494115'), ('IM_CONFIG_PHASE', '1'), ('WAYLAND_DISPLAY', 'wayland-0'), ('COLCON_PREFIX_PATH', '/home/kushion/Desktop/piles/pile_detection/IsaacSim-ros_workspaces/humble_ws/install'), ('ROS_DISTRO', 'humble'), ('LOGNAME', 'kushion'), ('JOURNAL_STREAM', '8:26819'), ('_', '/usr/bin/colcon'), ('ROS_VERSION', '2'), ('XDG_CONFIG_DIRS_VSCODE_SNAP_ORIG', '/etc/xdg/xdg-ubuntu:/etc/xdg'), ('XDG_SESSION_CLASS', 'user'), ('XDG_DATA_DIRS_VSCODE_SNAP_ORIG', '/usr/share/ubuntu:/usr/local/share/:/usr/share/:/var/lib/snapd/desktop'), ('USERNAME', 'kushion'), ('TERM', 'xterm-256color'), ('GNOME_DESKTOP_SESSION_ID', 'this-is-deprecated'), ('FC_FONTATIONS', '1'), ('ROS_LOCALHOST_ONLY', '0'), ('HISTCONTROL', 'ignorespace'), ('PATH', '/home/kushion/.config/Code/User/globalStorage/github.copilot-chat/debugCommand:/home/kushion/.config/Code/User/globalStorage/github.copilot-chat/copilotCli:/home/kushion/Documents/ardupilot/Tools/autotest:/usr/lib/ccache:/home/kushion/Desktop/SAUVC/ardupilot/Tools/autotest:/opt/gcc-arm-none-eabi-10-2020-q4-major/bin:/home/kushion/.local/bin:/opt/ros/humble/bin:/home/kushion/Documents/ardupilot/Tools/autotest:/usr/lib/ccache:/home/kushion/Desktop/SAUVC/ardupilot/Tools/autotest:/opt/gcc-arm-none-eabi-10-2020-q4-major/bin:/home/kushion/.local/bin:/usr/local/sbin:/usr/local/bin:/usr/sbin:/usr/bin:/sbin:/bin:/usr/games:/usr/local/games:/snap/bin:/snap/bin:/home/kushion/.vscode/extensions/ms-python.debugpy-2026.6.0-linux-x64/bundled/scripts/noConfigScripts'), ('SESSION_MANAGER', 'local/kushion-Inspiron-16-Plus-7640:@/tmp/.ICE-unix/1502,unix/kushion-Inspiron-16-Plus-7640:/tmp/.ICE-unix/1502'), ('GTK_EXE_PREFIX', '/snap/code/235/usr'), ('INVOCATION_ID', '6961dd283a234b75911ffe506126379d'), ('XDG_MENU_PREFIX', 'gnome-'), ('GNOME_SETUP_DISPLAY', ':1'), ('XDG_RUNTIME_DIR', '/run/user/1000'), ('GDK_BACKEND', 'x11'), ('DISPLAY', ':0'), ('LOCPATH', '/snap/code/235/usr/lib/locale'), ('VSCODE_DEBUGPY_ADAPTER_ENDPOINTS', '/home/kushion/.vscode/extensions/ms-python.debugpy-2026.6.0-linux-x64/.noConfigDebugAdapterEndpoints/endpoint-3c455a856550ef91.txt'), ('LANG', 'en_US.UTF-8'), ('XDG_CURRENT_DESKTOP', 'ubuntu:GNOME'), ('PYTHONSTARTUP', '/home/kushion/.config/Code/User/workspaceStorage/7c773a938c815b93dd5471a2c4c26d0a/ms-python.python/pythonrc.py'), ('GIO_MODULE_DIR_VSCODE_SNAP_ORIG', ''), ('XDG_DATA_HOME', '/home/kushion/snap/code/235/.local/share'), ('XMODIFIERS', '@im=ibus'), ('XDG_SESSION_DESKTOP', 'ubuntu'), ('XAUTHORITY', '/run/user/1000/.mutter-Xwaylandauth.0P72Q3'), ('LS_COLORS', 'rs=0:di=01;34:ln=01;36:mh=00:pi=40;33:so=01;35:do=01;35:bd=40;33;01:cd=40;33;01:or=40;31;01:mi=00:su=37;41:sg=30;43:ca=30;41:tw=30;42:ow=34;42:st=37;44:ex=01;32:*.tar=01;31:*.tgz=01;31:*.arc=01;31:*.arj=01;31:*.taz=01;31:*.lha=01;31:*.lz4=01;31:*.lzh=01;31:*.lzma=01;31:*.tlz=01;31:*.txz=01;31:*.tzo=01;31:*.t7z=01;31:*.zip=01;31:*.z=01;31:*.dz=01;31:*.gz=01;31:*.lrz=01;31:*.lz=01;31:*.lzo=01;31:*.xz=01;31:*.zst=01;31:*.tzst=01;31:*.bz2=01;31:*.bz=01;31:*.tbz=01;31:*.tbz2=01;31:*.tz=01;31:*.deb=01;31:*.rpm=01;31:*.jar=01;31:*.war=01;31:*.ear=01;31:*.sar=01;31:*.rar=01;31:*.alz=01;31:*.ace=01;31:*.zoo=01;31:*.cpio=01;31:*.7z=01;31:*.rz=01;31:*.cab=01;31:*.wim=01;31:*.swm=01;31:*.dwm=01;31:*.esd=01;31:*.jpg=01;35:*.jpeg=01;35:*.mjpg=01;35:*.mjpeg=01;35:*.gif=01;35:*.bmp=01;35:*.pbm=01;35:*.pgm=01;35:*.ppm=01;35:*.tga=01;35:*.xbm=01;35:*.xpm=01;35:*.tif=01;35:*.tiff=01;35:*.png=01;35:*.svg=01;35:*.svgz=01;35:*.mng=01;35:*.pcx=01;35:*.mov=01;35:*.mpg=01;35:*.mpeg=01;35:*.m2v=01;35:*.mkv=01;35:*.webm=01;35:*.webp=01;35:*.ogm=01;35:*.mp4=01;35:*.m4v=01;35:*.mp4v=01;35:*.vob=01;35:*.qt=01;35:*.nuv=01;35:*.wmv=01;35:*.asf=01;35:*.rm=01;35:*.rmvb=01;35:*.flc=01;35:*.avi=01;35:*.fli=01;35:*.flv=01;35:*.gl=01;35:*.dl=01;35:*.xcf=01;35:*.xwd=01;35:*.yuv=01;35:*.cgm=01;35:*.emf=01;35:*.ogv=01;35:*.ogx=01;35:*.aac=00;36:*.au=00;36:*.flac=00;36:*.m4a=00;36:*.mid=00;36:*.midi=00;36:*.mka=00;36:*.mp3=00;36:*.mpc=00;36:*.ogg=00;36:*.ra=00;36:*.wav=00;36:*.oga=00;36:*.opus=00;36:*.spx=00;36:*.xspf=00;36:'), ('VSCODE_GIT_IPC_HANDLE', '/run/user/1000/vscode-git-6cdf9cd762.sock'), ('TERM_PROGRAM', 'vscode'), ('SSH_AGENT_LAUNCHER', 'gnome-keyring'), ('SSH_AUTH_SOCK', '/run/user/1000/keyring/ssh'), ('GSETTINGS_SCHEMA_DIR', '/home/kushion/snap/code/235/.local/share/glib-2.0/schemas'), ('ROS_DOMAIN_ID', '0'), ('AMENT_PREFIX_PATH', '/home/kushion/Desktop/piles/pile_detection/IsaacSim-ros_workspaces/humble_ws/install/iw_hub_navigation:/home/kushion/Desktop/piles/pile_detection/IsaacSim-ros_workspaces/humble_ws/install/isaacsim:/home/kushion/Desktop/piles/pile_detection/IsaacSim-ros_workspaces/humble_ws/install/isaac_tutorials:/home/kushion/Desktop/piles/pile_detection/IsaacSim-ros_workspaces/humble_ws/install/isaac_ros_navigation_goal:/home/kushion/Desktop/piles/pile_detection/IsaacSim-ros_workspaces/humble_ws/install/isaac_ros2_messages:/home/kushion/Desktop/piles/pile_detection/IsaacSim-ros_workspaces/humble_ws/install/isaac_moveit:/home/kushion/Desktop/piles/pile_detection/IsaacSim-ros_workspaces/humble_ws/install/h1_fullbody_controller:/home/kushion/Desktop/piles/pile_detection/IsaacSim-ros_workspaces/humble_ws/install/custom_message:/home/kushion/Desktop/piles/pile_detection/IsaacSim-ros_workspaces/humble_ws/install/cmdvel_to_ackermann:/home/kushion/Desktop/piles/pile_detection/IsaacSim-ros_workspaces/humble_ws/install/carter_navigation:/opt/ros/humble'), ('SHELL', '/bin/bash'), ('QT_ACCESSIBILITY', '1'), ('GDMSESSION', 'ubuntu'), ('LESSCLOSE', '/usr/bin/lesspipe %s %s'), ('GTK_PATH_VSCODE_SNAP_ORIG', ''), ('FONTCONFIG_FILE', '/etc/fonts/fonts.conf'), ('GTK_IM_MODULE_FILE_VSCODE_SNAP_ORIG', ''), ('GJS_DEBUG_OUTPUT', 'stderr'), ('GZ_VERSION', 'harmonic'), ('VSCODE_GIT_ASKPASS_EXTRA_ARGS', ''), ('GIT_PAGER', 'cat'), ('QT_IM_MODULE', 'ibus'), ('PWD', '/home/kushion/Documents/OpenMantaClaus/build/interfaces'), ('GIT_MERGE_AUTOEDIT', 'no'), ('GZ_TRANSPORT_USE_SHARED_MEMORY', '0'), ('LC_ALL', 'en_US.UTF-8'), ('XDG_CONFIG_DIRS', '/etc/xdg/xdg-ubuntu:/etc/xdg'), ('XDG_DATA_DIRS', '/home/kushion/snap/code/235/.local/share:/home/kushion/snap/code/235:/snap/code/235/usr/share:/usr/share/ubuntu:/usr/local/share/:/usr/share/:/var/lib/snapd/desktop'), ('PYTHONPATH', '/home/kushion/Desktop/piles/pile_detection/IsaacSim-ros_workspaces/humble_ws/install/isaac_ros_navigation_goal/lib/python3.10/site-packages:/home/kushion/Desktop/piles/pile_detection/IsaacSim-ros_workspaces/humble_ws/install/isaac_ros2_messages/local/lib/python3.10/dist-packages:/home/kushion/Desktop/piles/pile_detection/IsaacSim-ros_workspaces/humble_ws/install/custom_message/local/lib/python3.10/dist-packages:/opt/ros/humble/lib/python3.10/site-packages:/opt/ros/humble/local/lib/python3.10/dist-packages'), ('COLCON', '1'), ('CMAKE_PREFIX_PATH', '/home/kushion/Desktop/piles/pile_detection/IsaacSim-ros_workspaces/humble_ws/install/iw_hub_navigation:/home/kushion/Desktop/piles/pile_detection/IsaacSim-ros_workspaces/humble_ws/install/isaacsim:/home/kushion/Desktop/piles/pile_detection/IsaacSim-ros_workspaces/humble_ws/install/isaac_tutorials:/home/kushion/Desktop/piles/pile_detection/IsaacSim-ros_workspaces/humble_ws/install/isaac_ros2_messages:/home/kushion/Desktop/piles/pile_detection/IsaacSim-ros_workspaces/humble_ws/install/isaac_moveit:/home/kushion/Desktop/piles/pile_detection/IsaacSim-ros_workspaces/humble_ws/install/h1_fullbody_controller:/home/kushion/Desktop/piles/pile_detection/IsaacSim-ros_workspaces/humble_ws/install/custom_message:/home/kushion/Desktop/piles/pile_detection/IsaacSim-ros_workspaces/humble_ws/install/cmdvel_to_ackermann:/home/kushion/Desktop/piles/pile_detection/IsaacSim-ros_workspaces/humble_ws/install/carter_navigation:/home/kushion/Desktop/piles/pile_detection/IsaacSim-ros_workspaces/humble_ws/install/isaac_ros_navigation_goal:/opt/ros/humble')]), 'shell': False}
[3.101332] (interfaces) StdoutLine: {'line': b'[  1%] \x1b[34m\x1b[1mGenerating C code for ROS interfaces\x1b[0m\n'}
[3.109478] (-) TimerEvent: {}
[3.118231] (interfaces) StdoutLine: {'line': b'[  2%] \x1b[34m\x1b[1mGenerating C++ code for ROS interfaces\x1b[0m\n'}
[3.129191] (interfaces) StdoutLine: {'line': b'[  2%] Built target ament_cmake_python_copy_interfaces\n'}
[3.209612] (-) TimerEvent: {}
[3.310047] (-) TimerEvent: {}
[3.410499] (-) TimerEvent: {}
[3.456914] (interfaces) StdoutLine: {'line': b'running egg_info\n'}
[3.476557] (interfaces) StdoutLine: {'line': b'creating interfaces.egg-info\n'}
[3.476913] (interfaces) StdoutLine: {'line': b'writing interfaces.egg-info/PKG-INFO\n'}
[3.477145] (interfaces) StdoutLine: {'line': b'writing dependency_links to interfaces.egg-info/dependency_links.txt\n'}
[3.477344] (interfaces) StdoutLine: {'line': b'writing top-level names to interfaces.egg-info/top_level.txt\n'}
[3.477435] (interfaces) StdoutLine: {'line': b"writing manifest file 'interfaces.egg-info/SOURCES.txt'\n"}
[3.510666] (-) TimerEvent: {}
[3.548969] (interfaces) StdoutLine: {'line': b"reading manifest file 'interfaces.egg-info/SOURCES.txt'\n"}
[3.550073] (interfaces) StdoutLine: {'line': b"writing manifest file 'interfaces.egg-info/SOURCES.txt'\n"}
[3.589462] (interfaces) StdoutLine: {'line': b'[  2%] Built target ament_cmake_python_build_interfaces_egg\n'}
[3.610790] (-) TimerEvent: {}
[3.711297] (-) TimerEvent: {}
[3.797623] (interfaces) StdoutLine: {'line': b'[  2%] Built target interfaces__cpp\n'}
[3.809643] (interfaces) StdoutLine: {'line': b'[  7%] \x1b[34m\x1b[1mGenerating C++ introspection for ROS interfaces\x1b[0m\n'}
[3.809964] (interfaces) StdoutLine: {'line': b'[  7%] \x1b[34m\x1b[1mGenerating C++ type support for eProsima Fast-RTPS\x1b[0m\n'}
[3.810068] (interfaces) StdoutLine: {'line': b'[  7%] \x1b[34m\x1b[1mGenerating C++ type support dispatch for ROS interfaces\x1b[0m\n'}
[3.811345] (-) TimerEvent: {}
[3.911696] (-) TimerEvent: {}
[3.929808] (interfaces) StdoutLine: {'line': b'[ 11%] \x1b[32mBuilding C object CMakeFiles/interfaces__rosidl_generator_c.dir/rosidl_generator_c/interfaces/srv/detail/task_command__functions.c.o\x1b[0m\n'}
[3.930239] (interfaces) StdoutLine: {'line': b'[ 11%] \x1b[32mBuilding C object CMakeFiles/interfaces__rosidl_generator_c.dir/rosidl_generator_c/interfaces/msg/detail/feature_observations__functions.c.o\x1b[0m\n'}
[3.930389] (interfaces) StdoutLine: {'line': b'[ 11%] \x1b[32mBuilding C object CMakeFiles/interfaces__rosidl_generator_c.dir/rosidl_generator_c/interfaces/msg/detail/task_status__functions.c.o\x1b[0m\n'}
[3.931598] (interfaces) StdoutLine: {'line': b'[ 12%] \x1b[32mBuilding C object CMakeFiles/interfaces__rosidl_generator_c.dir/rosidl_generator_c/interfaces/msg/detail/feature_observation__functions.c.o\x1b[0m\n'}
[3.931992] (interfaces) StdoutLine: {'line': b'[ 14%] \x1b[32mBuilding C object CMakeFiles/interfaces__rosidl_generator_c.dir/rosidl_generator_c/interfaces/srv/detail/setup__functions.c.o\x1b[0m\n'}
[3.932761] (interfaces) StdoutLine: {'line': b'[ 15%] \x1b[32mBuilding C object CMakeFiles/interfaces__rosidl_generator_c.dir/rosidl_generator_c/interfaces/srv/detail/task_complete__functions.c.o\x1b[0m\n'}
[4.011859] (-) TimerEvent: {}
[4.046164] (interfaces) StdoutLine: {'line': b'[ 16%] \x1b[32m\x1b[1mLinking C shared library libinterfaces__rosidl_generator_c.so\x1b[0m\n'}
[4.112009] (-) TimerEvent: {}
[4.123812] (interfaces) StdoutLine: {'line': b'[ 16%] Built target interfaces__rosidl_generator_c\n'}
[4.141829] (interfaces) StdoutLine: {'line': b'[ 18%] \x1b[34m\x1b[1mGenerating C type support dispatch for ROS interfaces\x1b[0m\n'}
[4.142403] (interfaces) StdoutLine: {'line': b'[ 21%] \x1b[34m\x1b[1mGenerating C type support for eProsima Fast-RTPS\x1b[0m\n'}
[4.142613] (interfaces) StdoutLine: {'line': b'[ 21%] \x1b[34m\x1b[1mGenerating C introspection for ROS interfaces\x1b[0m\n'}
[4.212229] (-) TimerEvent: {}
[4.269632] (interfaces) StdoutLine: {'line': b'[ 22%] \x1b[32mBuilding CXX object CMakeFiles/interfaces__rosidl_typesupport_cpp.dir/rosidl_typesupport_cpp/interfaces/srv/setup__type_support.cpp.o\x1b[0m\n'}
[4.270104] (interfaces) StdoutLine: {'line': b'[ 28%] \x1b[32mBuilding CXX object CMakeFiles/interfaces__rosidl_typesupport_cpp.dir/rosidl_typesupport_cpp/interfaces/msg/feature_observations__type_support.cpp.o\x1b[0m\n'}
[4.270321] (interfaces) StdoutLine: {'line': b'[ 28%] \x1b[32mBuilding CXX object CMakeFiles/interfaces__rosidl_typesupport_cpp.dir/rosidl_typesupport_cpp/interfaces/msg/feature_observation__type_support.cpp.o\x1b[0m\n'}
[4.270420] (interfaces) StdoutLine: {'line': b'[ 28%] \x1b[32mBuilding CXX object CMakeFiles/interfaces__rosidl_typesupport_cpp.dir/rosidl_typesupport_cpp/interfaces/msg/task_status__type_support.cpp.o\x1b[0m\n'}
[4.270508] (interfaces) StdoutLine: {'line': b'[ 28%] \x1b[32mBuilding CXX object CMakeFiles/interfaces__rosidl_typesupport_cpp.dir/rosidl_typesupport_cpp/interfaces/srv/task_command__type_support.cpp.o\x1b[0m\n'}
[4.270680] (interfaces) StdoutLine: {'line': b'[ 29%] \x1b[32mBuilding CXX object CMakeFiles/interfaces__rosidl_typesupport_cpp.dir/rosidl_typesupport_cpp/interfaces/srv/task_complete__type_support.cpp.o\x1b[0m\n'}
[4.312355] (-) TimerEvent: {}
[4.327774] (interfaces) StdoutLine: {'line': b'[ 30%] \x1b[32mBuilding CXX object CMakeFiles/interfaces__rosidl_typesupport_introspection_cpp.dir/rosidl_typesupport_introspection_cpp/interfaces/srv/detail/setup__type_support.cpp.o\x1b[0m\n'}
[4.328221] (interfaces) StdoutLine: {'line': b'[ 32%] \x1b[32mBuilding CXX object CMakeFiles/interfaces__rosidl_typesupport_introspection_cpp.dir/rosidl_typesupport_introspection_cpp/interfaces/srv/detail/task_complete__type_support.cpp.o\x1b[0m\n'}
[4.328357] (interfaces) StdoutLine: {'line': b'[ 33%] \x1b[32mBuilding CXX object CMakeFiles/interfaces__rosidl_typesupport_introspection_cpp.dir/rosidl_typesupport_introspection_cpp/interfaces/msg/detail/task_status__type_support.cpp.o\x1b[0m\n'}
[4.328560] (interfaces) StdoutLine: {'line': b'[ 35%] \x1b[32mBuilding CXX object CMakeFiles/interfaces__rosidl_typesupport_introspection_cpp.dir/rosidl_typesupport_introspection_cpp/interfaces/msg/detail/feature_observation__type_support.cpp.o\x1b[0m\n'}
[4.328935] (interfaces) StdoutLine: {'line': b'[ 36%] \x1b[32mBuilding CXX object CMakeFiles/interfaces__rosidl_typesupport_introspection_cpp.dir/rosidl_typesupport_introspection_cpp/interfaces/srv/detail/task_command__type_support.cpp.o\x1b[0m\n'}
[4.342228] (interfaces) StdoutLine: {'line': b'[ 38%] \x1b[32mBuilding CXX object CMakeFiles/interfaces__rosidl_typesupport_introspection_cpp.dir/rosidl_typesupport_introspection_cpp/interfaces/msg/detail/feature_observations__type_support.cpp.o\x1b[0m\n'}
[4.412723] (-) TimerEvent: {}
[4.494834] (interfaces) StdoutLine: {'line': b'[ 43%] \x1b[32mBuilding CXX object CMakeFiles/interfaces__rosidl_typesupport_fastrtps_cpp.dir/rosidl_typesupport_fastrtps_cpp/interfaces/msg/detail/dds_fastrtps/feature_observations__type_support.cpp.o\x1b[0m\n'}
[4.495191] (interfaces) StdoutLine: {'line': b'[ 43%] \x1b[32mBuilding CXX object CMakeFiles/interfaces__rosidl_typesupport_fastrtps_cpp.dir/rosidl_typesupport_fastrtps_cpp/interfaces/msg/detail/dds_fastrtps/feature_observation__type_support.cpp.o\x1b[0m\n'}
[4.495294] (interfaces) StdoutLine: {'line': b'[ 43%] \x1b[32mBuilding CXX object CMakeFiles/interfaces__rosidl_typesupport_fastrtps_cpp.dir/rosidl_typesupport_fastrtps_cpp/interfaces/msg/detail/dds_fastrtps/task_status__type_support.cpp.o\x1b[0m\n'}
[4.495383] (interfaces) StdoutLine: {'line': b'[ 43%] \x1b[32mBuilding CXX object CMakeFiles/interfaces__rosidl_typesupport_fastrtps_cpp.dir/rosidl_typesupport_fastrtps_cpp/interfaces/srv/detail/dds_fastrtps/task_command__type_support.cpp.o\x1b[0m\n'}
[4.504950] (interfaces) StdoutLine: {'line': b'[ 45%] \x1b[32mBuilding CXX object CMakeFiles/interfaces__rosidl_typesupport_fastrtps_cpp.dir/rosidl_typesupport_fastrtps_cpp/interfaces/srv/detail/dds_fastrtps/setup__type_support.cpp.o\x1b[0m\n'}
[4.505394] (interfaces) StdoutLine: {'line': b'[ 46%] \x1b[32mBuilding CXX object CMakeFiles/interfaces__rosidl_typesupport_fastrtps_cpp.dir/rosidl_typesupport_fastrtps_cpp/interfaces/srv/detail/dds_fastrtps/task_complete__type_support.cpp.o\x1b[0m\n'}
[4.513909] (-) TimerEvent: {}
[4.615900] (-) TimerEvent: {}
[4.718736] (-) TimerEvent: {}
[4.819384] (-) TimerEvent: {}
[4.909569] (interfaces) StdoutLine: {'line': b'[ 49%] \x1b[32m\x1b[1mLinking CXX shared library libinterfaces__rosidl_typesupport_cpp.so\x1b[0m\n'}
[4.913758] (interfaces) StdoutLine: {'line': b'[ 49%] \x1b[32mBuilding C object CMakeFiles/interfaces__rosidl_typesupport_introspection_c.dir/rosidl_typesupport_introspection_c/interfaces/msg/detail/feature_observations__type_support.c.o\x1b[0m\n'}
[4.914269] (interfaces) StdoutLine: {'line': b'[ 50%] \x1b[32mBuilding C object CMakeFiles/interfaces__rosidl_typesupport_introspection_c.dir/rosidl_typesupport_introspection_c/interfaces/msg/detail/task_status__type_support.c.o\x1b[0m\n'}
[4.915840] (interfaces) StdoutLine: {'line': b'[ 53%] \x1b[32mBuilding C object CMakeFiles/interfaces__rosidl_typesupport_introspection_c.dir/rosidl_typesupport_introspection_c/interfaces/msg/detail/feature_observation__type_support.c.o\x1b[0m\n'}
[4.916109] (interfaces) StdoutLine: {'line': b'[ 53%] \x1b[32mBuilding C object CMakeFiles/interfaces__rosidl_typesupport_introspection_c.dir/rosidl_typesupport_introspection_c/interfaces/srv/detail/task_command__type_support.c.o\x1b[0m\n'}
[4.919514] (-) TimerEvent: {}
[4.926040] (interfaces) StdoutLine: {'line': b'[ 54%] \x1b[32mBuilding C object CMakeFiles/interfaces__rosidl_typesupport_introspection_c.dir/rosidl_typesupport_introspection_c/interfaces/srv/detail/setup__type_support.c.o\x1b[0m\n'}
[4.926574] (interfaces) StdoutLine: {'line': b'[ 56%] \x1b[32mBuilding C object CMakeFiles/interfaces__rosidl_typesupport_introspection_c.dir/rosidl_typesupport_introspection_c/interfaces/srv/detail/task_complete__type_support.c.o\x1b[0m\n'}
[4.927176] (interfaces) StdoutLine: {'line': b'[ 57%] \x1b[32mBuilding CXX object CMakeFiles/interfaces__rosidl_typesupport_c.dir/rosidl_typesupport_c/interfaces/msg/feature_observations__type_support.cpp.o\x1b[0m\n'}
[4.942930] (interfaces) StdoutLine: {'line': b'[ 59%] \x1b[32mBuilding CXX object CMakeFiles/interfaces__rosidl_typesupport_c.dir/rosidl_typesupport_c/interfaces/msg/feature_observation__type_support.cpp.o\x1b[0m\n'}
[4.948249] (interfaces) StdoutLine: {'line': b'[ 60%] \x1b[32mBuilding CXX object CMakeFiles/interfaces__rosidl_typesupport_fastrtps_c.dir/rosidl_typesupport_fastrtps_c/interfaces/msg/detail/feature_observation__type_support_c.cpp.o\x1b[0m\n'}
[5.019757] (-) TimerEvent: {}
[5.033956] (interfaces) StdoutLine: {'line': b'[ 63%] \x1b[32mBuilding CXX object CMakeFiles/interfaces__rosidl_typesupport_fastrtps_c.dir/rosidl_typesupport_fastrtps_c/interfaces/msg/detail/task_status__type_support_c.cpp.o\x1b[0m\n'}
[5.034491] (interfaces) StdoutLine: {'line': b'[ 63%] \x1b[32mBuilding CXX object CMakeFiles/interfaces__rosidl_typesupport_fastrtps_c.dir/rosidl_typesupport_fastrtps_c/interfaces/msg/detail/feature_observations__type_support_c.cpp.o\x1b[0m\n'}
[5.039914] (interfaces) StdoutLine: {'line': b'[ 64%] \x1b[32mBuilding CXX object CMakeFiles/interfaces__rosidl_typesupport_fastrtps_c.dir/rosidl_typesupport_fastrtps_c/interfaces/srv/detail/setup__type_support_c.cpp.o\x1b[0m\n'}
[5.041540] (interfaces) StdoutLine: {'line': b'[ 66%] \x1b[32mBuilding CXX object CMakeFiles/interfaces__rosidl_typesupport_c.dir/rosidl_typesupport_c/interfaces/msg/task_status__type_support.cpp.o\x1b[0m\n'}
[5.048920] (interfaces) StdoutLine: {'line': b'[ 67%] \x1b[32mBuilding CXX object CMakeFiles/interfaces__rosidl_typesupport_fastrtps_c.dir/rosidl_typesupport_fastrtps_c/interfaces/srv/detail/task_complete__type_support_c.cpp.o\x1b[0m\n'}
[5.066783] (interfaces) StdoutLine: {'line': b'[ 69%] \x1b[32mBuilding CXX object CMakeFiles/interfaces__rosidl_typesupport_c.dir/rosidl_typesupport_c/interfaces/srv/setup__type_support.cpp.o\x1b[0m\n'}
[5.073014] (interfaces) StdoutLine: {'line': b'[ 70%] \x1b[32mBuilding CXX object CMakeFiles/interfaces__rosidl_typesupport_fastrtps_c.dir/rosidl_typesupport_fastrtps_c/interfaces/srv/detail/task_command__type_support_c.cpp.o\x1b[0m\n'}
[5.088803] (interfaces) StdoutLine: {'line': b'[ 71%] \x1b[32mBuilding CXX object CMakeFiles/interfaces__rosidl_typesupport_c.dir/rosidl_typesupport_c/interfaces/srv/task_command__type_support.cpp.o\x1b[0m\n'}
[5.100209] (interfaces) StdoutLine: {'line': b'[ 71%] Built target interfaces__rosidl_typesupport_cpp\n'}
[5.111516] (interfaces) StdoutLine: {'line': b'[ 73%] \x1b[32mBuilding CXX object CMakeFiles/interfaces__rosidl_typesupport_c.dir/rosidl_typesupport_c/interfaces/srv/task_complete__type_support.cpp.o\x1b[0m\n'}
[5.116777] (interfaces) StdoutLine: {'line': b'[ 74%] \x1b[32m\x1b[1mLinking C shared library libinterfaces__rosidl_typesupport_introspection_c.so\x1b[0m\n'}
[5.119912] (-) TimerEvent: {}
[5.183018] (interfaces) StdoutLine: {'line': b'[ 74%] Built target interfaces__rosidl_typesupport_introspection_c\n'}
[5.195023] (interfaces) StdoutLine: {'line': b'[ 76%] \x1b[32m\x1b[1mLinking CXX shared library libinterfaces__rosidl_typesupport_c.so\x1b[0m\n'}
[5.220093] (-) TimerEvent: {}
[5.259655] (interfaces) StdoutLine: {'line': b'[ 76%] Built target interfaces__rosidl_typesupport_c\n'}
[5.284480] (interfaces) StdoutLine: {'line': b'[ 77%] \x1b[32m\x1b[1mLinking CXX shared library libinterfaces__rosidl_typesupport_introspection_cpp.so\x1b[0m\n'}
[5.320260] (-) TimerEvent: {}
[5.383502] (interfaces) StdoutLine: {'line': b'[ 77%] Built target interfaces__rosidl_typesupport_introspection_cpp\n'}
[5.420426] (-) TimerEvent: {}
[5.512576] (interfaces) StdoutLine: {'line': b'[ 78%] \x1b[32m\x1b[1mLinking CXX shared library libinterfaces__rosidl_typesupport_fastrtps_cpp.so\x1b[0m\n'}
[5.520485] (-) TimerEvent: {}
[5.620870] (-) TimerEvent: {}
[5.643701] (interfaces) StdoutLine: {'line': b'[ 78%] Built target interfaces__rosidl_typesupport_fastrtps_cpp\n'}
[5.721045] (-) TimerEvent: {}
[5.780948] (interfaces) StdoutLine: {'line': b'[ 80%] \x1b[32m\x1b[1mLinking CXX shared library libinterfaces__rosidl_typesupport_fastrtps_c.so\x1b[0m\n'}
[5.821225] (-) TimerEvent: {}
[5.891983] (interfaces) StdoutLine: {'line': b'[ 80%] Built target interfaces__rosidl_typesupport_fastrtps_c\n'}
[5.921353] (-) TimerEvent: {}
[5.924164] (interfaces) StdoutLine: {'line': b'[ 80%] Built target interfaces\n'}
[5.961759] (interfaces) StdoutLine: {'line': b'[ 81%] \x1b[34m\x1b[1mGenerating Python code for ROS interfaces\x1b[0m\n'}
[6.021512] (-) TimerEvent: {}
[6.121979] (-) TimerEvent: {}
[6.222434] (-) TimerEvent: {}
[6.322908] (-) TimerEvent: {}
[6.423366] (-) TimerEvent: {}
[6.523833] (-) TimerEvent: {}
[6.624322] (-) TimerEvent: {}
[6.724784] (-) TimerEvent: {}
[6.825231] (-) TimerEvent: {}
[6.925668] (-) TimerEvent: {}
[7.005284] (interfaces) StdoutLine: {'line': b'[ 81%] Built target interfaces__py\n'}
[7.025874] (-) TimerEvent: {}
[7.031981] (interfaces) StdoutLine: {'line': b'[ 83%] \x1b[32mBuilding C object CMakeFiles/interfaces__rosidl_generator_py.dir/rosidl_generator_py/interfaces/srv/_task_complete_s.c.o\x1b[0m\n'}
[7.032468] (interfaces) StdoutLine: {'line': b'[ 87%] \x1b[32mBuilding C object CMakeFiles/interfaces__rosidl_generator_py.dir/rosidl_generator_py/interfaces/msg/_feature_observations_s.c.o\x1b[0m\n'}
[7.032659] (interfaces) StdoutLine: {'line': b'[ 87%] \x1b[32mBuilding C object CMakeFiles/interfaces__rosidl_generator_py.dir/rosidl_generator_py/interfaces/srv/_setup_s.c.o\x1b[0m\n'}
[7.032784] (interfaces) StdoutLine: {'line': b'[ 87%] \x1b[32mBuilding C object CMakeFiles/interfaces__rosidl_generator_py.dir/rosidl_generator_py/interfaces/srv/_task_command_s.c.o\x1b[0m\n'}
[7.033592] (interfaces) StdoutLine: {'line': b'[ 90%] \x1b[32mBuilding C object CMakeFiles/interfaces__rosidl_generator_py.dir/rosidl_generator_py/interfaces/msg/_feature_observation_s.c.o\x1b[0m\n'}
[7.033750] (interfaces) StdoutLine: {'line': b'[ 90%] \x1b[32mBuilding C object CMakeFiles/interfaces__rosidl_generator_py.dir/rosidl_generator_py/interfaces/msg/_task_status_s.c.o\x1b[0m\n'}
[7.126038] (-) TimerEvent: {}
[7.226521] (-) TimerEvent: {}
[7.264214] (interfaces) StdoutLine: {'line': b'[ 91%] \x1b[32m\x1b[1mLinking C shared library rosidl_generator_py/interfaces/libinterfaces__rosidl_generator_py.so\x1b[0m\n'}
[7.326853] (-) TimerEvent: {}
[7.327537] (interfaces) StdoutLine: {'line': b'[ 91%] Built target interfaces__rosidl_generator_py\n'}
[7.358301] (interfaces) StdoutLine: {'line': b'[ 92%] \x1b[32mBuilding C object CMakeFiles/interfaces__rosidl_typesupport_c__pyext.dir/rosidl_generator_py/interfaces/_interfaces_s.ep.rosidl_typesupport_c.c.o\x1b[0m\n'}
[7.360016] (interfaces) StdoutLine: {'line': b'[ 94%] \x1b[32mBuilding C object CMakeFiles/interfaces__rosidl_typesupport_fastrtps_c__pyext.dir/rosidl_generator_py/interfaces/_interfaces_s.ep.rosidl_typesupport_fastrtps_c.c.o\x1b[0m\n'}
[7.360458] (interfaces) StdoutLine: {'line': b'[ 95%] \x1b[32mBuilding C object CMakeFiles/interfaces__rosidl_typesupport_introspection_c__pyext.dir/rosidl_generator_py/interfaces/_interfaces_s.ep.rosidl_typesupport_introspection_c.c.o\x1b[0m\n'}
[7.427012] (-) TimerEvent: {}
[7.527606] (-) TimerEvent: {}
[7.578214] (interfaces) StdoutLine: {'line': b'[ 97%] \x1b[32m\x1b[1mLinking C shared library rosidl_generator_py/interfaces/interfaces_s__rosidl_typesupport_c.cpython-310-x86_64-linux-gnu.so\x1b[0m\n'}
[7.603820] (interfaces) StdoutLine: {'line': b'[ 98%] \x1b[32m\x1b[1mLinking C shared library rosidl_generator_py/interfaces/interfaces_s__rosidl_typesupport_introspection_c.cpython-310-x86_64-linux-gnu.so\x1b[0m\n'}
[7.627888] (-) TimerEvent: {}
[7.629065] (interfaces) StdoutLine: {'line': b'[100%] \x1b[32m\x1b[1mLinking C shared library rosidl_generator_py/interfaces/interfaces_s__rosidl_typesupport_fastrtps_c.cpython-310-x86_64-linux-gnu.so\x1b[0m\n'}
[7.647138] (interfaces) StdoutLine: {'line': b'[100%] Built target interfaces__rosidl_typesupport_c__pyext\n'}
[7.661994] (interfaces) StdoutLine: {'line': b'[100%] Built target interfaces__rosidl_typesupport_introspection_c__pyext\n'}
[7.684023] (interfaces) StdoutLine: {'line': b'[100%] Built target interfaces__rosidl_typesupport_fastrtps_c__pyext\n'}
[7.702512] (interfaces) CommandEnded: {'returncode': 0}
[7.704024] (interfaces) JobProgress: {'identifier': 'interfaces', 'progress': 'install'}
[7.717156] (interfaces) Command: {'cmd': ['/usr/bin/cmake', '--install', '/home/kushion/Documents/OpenMantaClaus/build/interfaces'], 'cwd': '/home/kushion/Documents/OpenMantaClaus/build/interfaces', 'env': OrderedDict([('GJS_DEBUG_TOPICS', 'JS ERROR;JS LOG'), ('PYTHON_BASIC_REPL', '1'), ('LESSOPEN', '| /usr/bin/lesspipe %s'), ('GZ_SIM_RESOURCE_PATH', ':/home/kushion/Documents/robocup_work/src/robot_description/model:/home/kushion/Documents/robocup_work/src/robot_description/model'), ('LANGUAGE', 'en_AU:en'), ('USER', 'kushion'), ('FONTCONFIG_PATH', '/etc/fonts'), ('GZ_CONFIG_PATH', '/usr/share/gz'), ('GIT_EDITOR', ':'), ('GIO_MODULE_DIR', '/home/kushion/snap/code/common/.cache/gio-modules'), ('XDG_SESSION_TYPE', 'wayland'), ('GIT_ASKPASS', '/snap/code/235/usr/share/code/resources/app/extensions/git/dist/askpass.sh'), ('GTK_EXE_PREFIX_VSCODE_SNAP_ORIG', ''), ('GDK_BACKEND_VSCODE_SNAP_ORIG', ''), ('SHLVL', '1'), ('LD_LIBRARY_PATH', '/home/kushion/Desktop/piles/pile_detection/IsaacSim-ros_workspaces/humble_ws/install/isaac_ros2_messages/lib:/home/kushion/Desktop/piles/pile_detection/IsaacSim-ros_workspaces/humble_ws/install/custom_message/lib:/opt/ros/humble/opt/rviz_ogre_vendor/lib:/opt/ros/humble/lib/x86_64-linux-gnu:/opt/ros/humble/lib::/home/kushion/Documents/acados/lib:/home/kushion/Documents/robocup_work/c_generated_code:/home/kushion/Documents/acados/lib:/home/kushion/Documents/robocup_work/c_generated_code'), ('ACADOS_SOURCE_DIR', '/home/kushion/Documents/acados'), ('HOME', '/home/kushion'), ('CHROME_DESKTOP', 'code.desktop'), ('LOCPATH_VSCODE_SNAP_ORIG', ''), ('TERM_PROGRAM_VERSION', '1.117.0'), ('DESKTOP_SESSION', 'ubuntu'), ('GTK_PATH', '/snap/code/235/usr/lib/x86_64-linux-gnu/gtk-3.0'), ('XDG_DATA_HOME_VSCODE_SNAP_ORIG', ''), ('GTK_IM_MODULE_FILE', '/home/kushion/snap/code/common/.cache/immodules/immodules.cache'), ('GIO_LAUNCHED_DESKTOP_FILE', '/var/lib/snapd/desktop/applications/code_code.desktop'), ('ROS_PYTHON_VERSION', '3'), ('GNOME_SHELL_SESSION_MODE', 'ubuntu'), ('GTK_MODULES', 'gail:atk-bridge'), ('GSETTINGS_SCHEMA_DIR_VSCODE_SNAP_ORIG', ''), ('VSCODE_GIT_ASKPASS_MAIN', '/snap/code/235/usr/share/code/resources/app/extensions/git/dist/askpass-main.js'), ('VSCODE_GIT_ASKPASS_NODE', '/snap/code/235/usr/share/code/code'), ('MANAGERPID', '1230'), ('PYDEVD_DISABLE_FILE_VALIDATION', '1'), ('SYSTEMD_EXEC_PID', '1528'), ('BUNDLED_DEBUGPY_PATH', '/home/kushion/.vscode/extensions/ms-python.debugpy-2026.6.0-linux-x64/bundled/libs/debugpy'), ('IM_CONFIG_CHECK_ENV', '1'), ('VSCODE_PYTHON_AUTOACTIVATE_GUARD', '1'), ('DBUS_SESSION_BUS_ADDRESS', 'unix:path=/run/user/1000/bus'), ('COLORTERM', 'truecolor'), ('GIO_LAUNCHED_DESKTOP_FILE_PID', '494115'), ('IM_CONFIG_PHASE', '1'), ('WAYLAND_DISPLAY', 'wayland-0'), ('COLCON_PREFIX_PATH', '/home/kushion/Desktop/piles/pile_detection/IsaacSim-ros_workspaces/humble_ws/install'), ('ROS_DISTRO', 'humble'), ('LOGNAME', 'kushion'), ('JOURNAL_STREAM', '8:26819'), ('_', '/usr/bin/colcon'), ('ROS_VERSION', '2'), ('XDG_CONFIG_DIRS_VSCODE_SNAP_ORIG', '/etc/xdg/xdg-ubuntu:/etc/xdg'), ('XDG_SESSION_CLASS', 'user'), ('XDG_DATA_DIRS_VSCODE_SNAP_ORIG', '/usr/share/ubuntu:/usr/local/share/:/usr/share/:/var/lib/snapd/desktop'), ('USERNAME', 'kushion'), ('TERM', 'xterm-256color'), ('GNOME_DESKTOP_SESSION_ID', 'this-is-deprecated'), ('FC_FONTATIONS', '1'), ('ROS_LOCALHOST_ONLY', '0'), ('HISTCONTROL', 'ignorespace'), ('PATH', '/home/kushion/.config/Code/User/globalStorage/github.copilot-chat/debugCommand:/home/kushion/.config/Code/User/globalStorage/github.copilot-chat/copilotCli:/home/kushion/Documents/ardupilot/Tools/autotest:/usr/lib/ccache:/home/kushion/Desktop/SAUVC/ardupilot/Tools/autotest:/opt/gcc-arm-none-eabi-10-2020-q4-major/bin:/home/kushion/.local/bin:/opt/ros/humble/bin:/home/kushion/Documents/ardupilot/Tools/autotest:/usr/lib/ccache:/home/kushion/Desktop/SAUVC/ardupilot/Tools/autotest:/opt/gcc-arm-none-eabi-10-2020-q4-major/bin:/home/kushion/.local/bin:/usr/local/sbin:/usr/local/bin:/usr/sbin:/usr/bin:/sbin:/bin:/usr/games:/usr/local/games:/snap/bin:/snap/bin:/home/kushion/.vscode/extensions/ms-python.debugpy-2026.6.0-linux-x64/bundled/scripts/noConfigScripts'), ('SESSION_MANAGER', 'local/kushion-Inspiron-16-Plus-7640:@/tmp/.ICE-unix/1502,unix/kushion-Inspiron-16-Plus-7640:/tmp/.ICE-unix/1502'), ('GTK_EXE_PREFIX', '/snap/code/235/usr'), ('INVOCATION_ID', '6961dd283a234b75911ffe506126379d'), ('XDG_MENU_PREFIX', 'gnome-'), ('GNOME_SETUP_DISPLAY', ':1'), ('XDG_RUNTIME_DIR', '/run/user/1000'), ('GDK_BACKEND', 'x11'), ('DISPLAY', ':0'), ('LOCPATH', '/snap/code/235/usr/lib/locale'), ('VSCODE_DEBUGPY_ADAPTER_ENDPOINTS', '/home/kushion/.vscode/extensions/ms-python.debugpy-2026.6.0-linux-x64/.noConfigDebugAdapterEndpoints/endpoint-3c455a856550ef91.txt'), ('LANG', 'en_US.UTF-8'), ('XDG_CURRENT_DESKTOP', 'ubuntu:GNOME'), ('PYTHONSTARTUP', '/home/kushion/.config/Code/User/workspaceStorage/7c773a938c815b93dd5471a2c4c26d0a/ms-python.python/pythonrc.py'), ('GIO_MODULE_DIR_VSCODE_SNAP_ORIG', ''), ('XDG_DATA_HOME', '/home/kushion/snap/code/235/.local/share'), ('XMODIFIERS', '@im=ibus'), ('XDG_SESSION_DESKTOP', 'ubuntu'), ('XAUTHORITY', '/run/user/1000/.mutter-Xwaylandauth.0P72Q3'), ('LS_COLORS', 'rs=0:di=01;34:ln=01;36:mh=00:pi=40;33:so=01;35:do=01;35:bd=40;33;01:cd=40;33;01:or=40;31;01:mi=00:su=37;41:sg=30;43:ca=30;41:tw=30;42:ow=34;42:st=37;44:ex=01;32:*.tar=01;31:*.tgz=01;31:*.arc=01;31:*.arj=01;31:*.taz=01;31:*.lha=01;31:*.lz4=01;31:*.lzh=01;31:*.lzma=01;31:*.tlz=01;31:*.txz=01;31:*.tzo=01;31:*.t7z=01;31:*.zip=01;31:*.z=01;31:*.dz=01;31:*.gz=01;31:*.lrz=01;31:*.lz=01;31:*.lzo=01;31:*.xz=01;31:*.zst=01;31:*.tzst=01;31:*.bz2=01;31:*.bz=01;31:*.tbz=01;31:*.tbz2=01;31:*.tz=01;31:*.deb=01;31:*.rpm=01;31:*.jar=01;31:*.war=01;31:*.ear=01;31:*.sar=01;31:*.rar=01;31:*.alz=01;31:*.ace=01;31:*.zoo=01;31:*.cpio=01;31:*.7z=01;31:*.rz=01;31:*.cab=01;31:*.wim=01;31:*.swm=01;31:*.dwm=01;31:*.esd=01;31:*.jpg=01;35:*.jpeg=01;35:*.mjpg=01;35:*.mjpeg=01;35:*.gif=01;35:*.bmp=01;35:*.pbm=01;35:*.pgm=01;35:*.ppm=01;35:*.tga=01;35:*.xbm=01;35:*.xpm=01;35:*.tif=01;35:*.tiff=01;35:*.png=01;35:*.svg=01;35:*.svgz=01;35:*.mng=01;35:*.pcx=01;35:*.mov=01;35:*.mpg=01;35:*.mpeg=01;35:*.m2v=01;35:*.mkv=01;35:*.webm=01;35:*.webp=01;35:*.ogm=01;35:*.mp4=01;35:*.m4v=01;35:*.mp4v=01;35:*.vob=01;35:*.qt=01;35:*.nuv=01;35:*.wmv=01;35:*.asf=01;35:*.rm=01;35:*.rmvb=01;35:*.flc=01;35:*.avi=01;35:*.fli=01;35:*.flv=01;35:*.gl=01;35:*.dl=01;35:*.xcf=01;35:*.xwd=01;35:*.yuv=01;35:*.cgm=01;35:*.emf=01;35:*.ogv=01;35:*.ogx=01;35:*.aac=00;36:*.au=00;36:*.flac=00;36:*.m4a=00;36:*.mid=00;36:*.midi=00;36:*.mka=00;36:*.mp3=00;36:*.mpc=00;36:*.ogg=00;36:*.ra=00;36:*.wav=00;36:*.oga=00;36:*.opus=00;36:*.spx=00;36:*.xspf=00;36:'), ('VSCODE_GIT_IPC_HANDLE', '/run/user/1000/vscode-git-6cdf9cd762.sock'), ('TERM_PROGRAM', 'vscode'), ('SSH_AGENT_LAUNCHER', 'gnome-keyring'), ('SSH_AUTH_SOCK', '/run/user/1000/keyring/ssh'), ('GSETTINGS_SCHEMA_DIR', '/home/kushion/snap/code/235/.local/share/glib-2.0/schemas'), ('ROS_DOMAIN_ID', '0'), ('AMENT_PREFIX_PATH', '/home/kushion/Desktop/piles/pile_detection/IsaacSim-ros_workspaces/humble_ws/install/iw_hub_navigation:/home/kushion/Desktop/piles/pile_detection/IsaacSim-ros_workspaces/humble_ws/install/isaacsim:/home/kushion/Desktop/piles/pile_detection/IsaacSim-ros_workspaces/humble_ws/install/isaac_tutorials:/home/kushion/Desktop/piles/pile_detection/IsaacSim-ros_workspaces/humble_ws/install/isaac_ros_navigation_goal:/home/kushion/Desktop/piles/pile_detection/IsaacSim-ros_workspaces/humble_ws/install/isaac_ros2_messages:/home/kushion/Desktop/piles/pile_detection/IsaacSim-ros_workspaces/humble_ws/install/isaac_moveit:/home/kushion/Desktop/piles/pile_detection/IsaacSim-ros_workspaces/humble_ws/install/h1_fullbody_controller:/home/kushion/Desktop/piles/pile_detection/IsaacSim-ros_workspaces/humble_ws/install/custom_message:/home/kushion/Desktop/piles/pile_detection/IsaacSim-ros_workspaces/humble_ws/install/cmdvel_to_ackermann:/home/kushion/Desktop/piles/pile_detection/IsaacSim-ros_workspaces/humble_ws/install/carter_navigation:/opt/ros/humble'), ('SHELL', '/bin/bash'), ('QT_ACCESSIBILITY', '1'), ('GDMSESSION', 'ubuntu'), ('LESSCLOSE', '/usr/bin/lesspipe %s %s'), ('GTK_PATH_VSCODE_SNAP_ORIG', ''), ('FONTCONFIG_FILE', '/etc/fonts/fonts.conf'), ('GTK_IM_MODULE_FILE_VSCODE_SNAP_ORIG', ''), ('GJS_DEBUG_OUTPUT', 'stderr'), ('GZ_VERSION', 'harmonic'), ('VSCODE_GIT_ASKPASS_EXTRA_ARGS', ''), ('GIT_PAGER', 'cat'), ('QT_IM_MODULE', 'ibus'), ('PWD', '/home/kushion/Documents/OpenMantaClaus/build/interfaces'), ('GIT_MERGE_AUTOEDIT', 'no'), ('GZ_TRANSPORT_USE_SHARED_MEMORY', '0'), ('LC_ALL', 'en_US.UTF-8'), ('XDG_CONFIG_DIRS', '/etc/xdg/xdg-ubuntu:/etc/xdg'), ('XDG_DATA_DIRS', '/home/kushion/snap/code/235/.local/share:/home/kushion/snap/code/235:/snap/code/235/usr/share:/usr/share/ubuntu:/usr/local/share/:/usr/share/:/var/lib/snapd/desktop'), ('PYTHONPATH', '/home/kushion/Desktop/piles/pile_detection/IsaacSim-ros_workspaces/humble_ws/install/isaac_ros_navigation_goal/lib/python3.10/site-packages:/home/kushion/Desktop/piles/pile_detection/IsaacSim-ros_workspaces/humble_ws/install/isaac_ros2_messages/local/lib/python3.10/dist-packages:/home/kushion/Desktop/piles/pile_detection/IsaacSim-ros_workspaces/humble_ws/install/custom_message/local/lib/python3.10/dist-packages:/opt/ros/humble/lib/python3.10/site-packages:/opt/ros/humble/local/lib/python3.10/dist-packages'), ('COLCON', '1'), ('CMAKE_PREFIX_PATH', '/home/kushion/Desktop/piles/pile_detection/IsaacSim-ros_workspaces/humble_ws/install/iw_hub_navigation:/home/kushion/Desktop/piles/pile_detection/IsaacSim-ros_workspaces/humble_ws/install/isaacsim:/home/kushion/Desktop/piles/pile_detection/IsaacSim-ros_workspaces/humble_ws/install/isaac_tutorials:/home/kushion/Desktop/piles/pile_detection/IsaacSim-ros_workspaces/humble_ws/install/isaac_ros2_messages:/home/kushion/Desktop/piles/pile_detection/IsaacSim-ros_workspaces/humble_ws/install/isaac_moveit:/home/kushion/Desktop/piles/pile_detection/IsaacSim-ros_workspaces/humble_ws/install/h1_fullbody_controller:/home/kushion/Desktop/piles/pile_detection/IsaacSim-ros_workspaces/humble_ws/install/custom_message:/home/kushion/Desktop/piles/pile_detection/IsaacSim-ros_workspaces/humble_ws/install/cmdvel_to_ackermann:/home/kushion/Desktop/piles/pile_detection/IsaacSim-ros_workspaces/humble_ws/install/carter_navigation:/home/kushion/Desktop/piles/pile_detection/IsaacSim-ros_workspaces/humble_ws/install/isaac_ros_navigation_goal:/opt/ros/humble')]), 'shell': False}
[7.727957] (-) TimerEvent: {}
[7.731094] (interfaces) StdoutLine: {'line': b'-- Install configuration: ""\n'}
[7.731480] (interfaces) StdoutLine: {'line': b'-- Installing: /home/kushion/Documents/OpenMantaClaus/install/interfaces/share/ament_index/resource_index/rosidl_interfaces/interfaces\n'}
[7.731813] (interfaces) StdoutLine: {'line': b'-- Installing: /home/kushion/Documents/OpenMantaClaus/install/interfaces/include/interfaces/interfaces\n'}
[7.731981] (interfaces) StdoutLine: {'line': b'-- Installing: /home/kushion/Documents/OpenMantaClaus/install/interfaces/include/interfaces/interfaces/srv\n'}
[7.732067] (interfaces) StdoutLine: {'line': b'-- Installing: /home/kushion/Documents/OpenMantaClaus/install/interfaces/include/interfaces/interfaces/srv/detail\n'}
[7.732198] (interfaces) StdoutLine: {'line': b'-- Installing: /home/kushion/Documents/OpenMantaClaus/install/interfaces/include/interfaces/interfaces/srv/detail/setup__struct.h\n'}
[7.732323] (interfaces) StdoutLine: {'line': b'-- Installing: /home/kushion/Documents/OpenMantaClaus/install/interfaces/include/interfaces/interfaces/srv/detail/setup__type_support.h\n'}
[7.732479] (interfaces) StdoutLine: {'line': b'-- Installing: /home/kushion/Documents/OpenMantaClaus/install/interfaces/include/interfaces/interfaces/srv/detail/task_complete__struct.h\n'}
[7.732651] (interfaces) StdoutLine: {'line': b'-- Installing: /home/kushion/Documents/OpenMantaClaus/install/interfaces/include/interfaces/interfaces/srv/detail/task_command__functions.c\n'}
[7.732798] (interfaces) StdoutLine: {'line': b'-- Installing: /home/kushion/Documents/OpenMantaClaus/install/interfaces/include/interfaces/interfaces/srv/detail/setup__functions.h\n'}
[7.732974] (interfaces) StdoutLine: {'line': b'-- Installing: /home/kushion/Documents/OpenMantaClaus/install/interfaces/include/interfaces/interfaces/srv/detail/task_command__struct.h\n'}
[7.733057] (interfaces) StdoutLine: {'line': b'-- Installing: /home/kushion/Documents/OpenMantaClaus/install/interfaces/include/interfaces/interfaces/srv/detail/task_complete__type_support.h\n'}
[7.733193] (interfaces) StdoutLine: {'line': b'-- Installing: /home/kushion/Documents/OpenMantaClaus/install/interfaces/include/interfaces/interfaces/srv/detail/task_command__functions.h\n'}
[7.733358] (interfaces) StdoutLine: {'line': b'-- Installing: /home/kushion/Documents/OpenMantaClaus/install/interfaces/include/interfaces/interfaces/srv/detail/setup__functions.c\n'}
[7.733523] (interfaces) StdoutLine: {'line': b'-- Installing: /home/kushion/Documents/OpenMantaClaus/install/interfaces/include/interfaces/interfaces/srv/detail/task_complete__functions.h\n'}
[7.733726] (interfaces) StdoutLine: {'line': b'-- Installing: /home/kushion/Documents/OpenMantaClaus/install/interfaces/include/interfaces/interfaces/srv/detail/task_complete__functions.c\n'}
[7.733909] (interfaces) StdoutLine: {'line': b'-- Installing: /home/kushion/Documents/OpenMantaClaus/install/interfaces/include/interfaces/interfaces/srv/detail/task_command__type_support.h\n'}
[7.734060] (interfaces) StdoutLine: {'line': b'-- Installing: /home/kushion/Documents/OpenMantaClaus/install/interfaces/include/interfaces/interfaces/srv/task_complete.h\n'}
[7.734233] (interfaces) StdoutLine: {'line': b'-- Installing: /home/kushion/Documents/OpenMantaClaus/install/interfaces/include/interfaces/interfaces/srv/setup.h\n'}
[7.734353] (interfaces) StdoutLine: {'line': b'-- Installing: /home/kushion/Documents/OpenMantaClaus/install/interfaces/include/interfaces/interfaces/srv/task_command.h\n'}
[7.734613] (interfaces) StdoutLine: {'line': b'-- Installing: /home/kushion/Documents/OpenMantaClaus/install/interfaces/include/interfaces/interfaces/msg\n'}
[7.734818] (interfaces) StdoutLine: {'line': b'-- Installing: /home/kushion/Documents/OpenMantaClaus/install/interfaces/include/interfaces/interfaces/msg/rosidl_generator_c__visibility_control.h\n'}
[7.734970] (interfaces) StdoutLine: {'line': b'-- Installing: /home/kushion/Documents/OpenMantaClaus/install/interfaces/include/interfaces/interfaces/msg/detail\n'}
[7.735093] (interfaces) StdoutLine: {'line': b'-- Installing: /home/kushion/Documents/OpenMantaClaus/install/interfaces/include/interfaces/interfaces/msg/detail/task_status__type_support.h\n'}
[7.735283] (interfaces) StdoutLine: {'line': b'-- Installing: /home/kushion/Documents/OpenMantaClaus/install/interfaces/include/interfaces/interfaces/msg/detail/task_status__struct.h\n'}
[7.735415] (interfaces) StdoutLine: {'line': b'-- Installing: /home/kushion/Documents/OpenMantaClaus/install/interfaces/include/interfaces/interfaces/msg/detail/feature_observations__functions.h\n'}
[7.735575] (interfaces) StdoutLine: {'line': b'-- Installing: /home/kushion/Documents/OpenMantaClaus/install/interfaces/include/interfaces/interfaces/msg/detail/feature_observation__functions.h\n'}
[7.735753] (interfaces) StdoutLine: {'line': b'-- Installing: /home/kushion/Documents/OpenMantaClaus/install/interfaces/include/interfaces/interfaces/msg/detail/task_status__functions.c\n'}
[7.735909] (interfaces) StdoutLine: {'line': b'-- Installing: /home/kushion/Documents/OpenMantaClaus/install/interfaces/include/interfaces/interfaces/msg/detail/feature_observations__functions.c\n'}
[7.736069] (interfaces) StdoutLine: {'line': b'-- Installing: /home/kushion/Documents/OpenMantaClaus/install/interfaces/include/interfaces/interfaces/msg/detail/feature_observation__struct.h\n'}
[7.736225] (interfaces) StdoutLine: {'line': b'-- Installing: /home/kushion/Documents/OpenMantaClaus/install/interfaces/include/interfaces/interfaces/msg/detail/feature_observations__struct.h\n'}
[7.736376] (interfaces) StdoutLine: {'line': b'-- Installing: /home/kushion/Documents/OpenMantaClaus/install/interfaces/include/interfaces/interfaces/msg/detail/feature_observations__type_support.h\n'}
[7.736532] (interfaces) StdoutLine: {'line': b'-- Installing: /home/kushion/Documents/OpenMantaClaus/install/interfaces/include/interfaces/interfaces/msg/detail/feature_observation__type_support.h\n'}
[7.736697] (interfaces) StdoutLine: {'line': b'-- Installing: /home/kushion/Documents/OpenMantaClaus/install/interfaces/include/interfaces/interfaces/msg/detail/task_status__functions.h\n'}
[7.736864] (interfaces) StdoutLine: {'line': b'-- Installing: /home/kushion/Documents/OpenMantaClaus/install/interfaces/include/interfaces/interfaces/msg/detail/feature_observation__functions.c\n'}
[7.737025] (interfaces) StdoutLine: {'line': b'-- Installing: /home/kushion/Documents/OpenMantaClaus/install/interfaces/include/interfaces/interfaces/msg/feature_observation.h\n'}
[7.737184] (interfaces) StdoutLine: {'line': b'-- Installing: /home/kushion/Documents/OpenMantaClaus/install/interfaces/include/interfaces/interfaces/msg/task_status.h\n'}
[7.737346] (interfaces) StdoutLine: {'line': b'-- Installing: /home/kushion/Documents/OpenMantaClaus/install/interfaces/include/interfaces/interfaces/msg/feature_observations.h\n'}
[7.737705] (interfaces) StdoutLine: {'line': b'-- Installing: /home/kushion/Documents/OpenMantaClaus/install/interfaces/share/interfaces/environment/library_path.sh\n'}
[7.737947] (interfaces) StdoutLine: {'line': b'-- Installing: /home/kushion/Documents/OpenMantaClaus/install/interfaces/share/interfaces/environment/library_path.dsv\n'}
[7.738209] (interfaces) StdoutLine: {'line': b'-- Installing: /home/kushion/Documents/OpenMantaClaus/install/interfaces/lib/libinterfaces__rosidl_generator_c.so\n'}
[7.738761] (interfaces) StdoutLine: {'line': b'-- Set runtime path of "/home/kushion/Documents/OpenMantaClaus/install/interfaces/lib/libinterfaces__rosidl_generator_c.so" to ""\n'}
[7.738855] (interfaces) StdoutLine: {'line': b'-- Up-to-date: /home/kushion/Documents/OpenMantaClaus/install/interfaces/include/interfaces/interfaces\n'}
[7.738948] (interfaces) StdoutLine: {'line': b'-- Up-to-date: /home/kushion/Documents/OpenMantaClaus/install/interfaces/include/interfaces/interfaces/srv\n'}
[7.739074] (interfaces) StdoutLine: {'line': b'-- Up-to-date: /home/kushion/Documents/OpenMantaClaus/install/interfaces/include/interfaces/interfaces/srv/detail\n'}
[7.739169] (interfaces) StdoutLine: {'line': b'-- Installing: /home/kushion/Documents/OpenMantaClaus/install/interfaces/include/interfaces/interfaces/srv/detail/setup__rosidl_typesupport_fastrtps_c.h\n'}
[7.739259] (interfaces) StdoutLine: {'line': b'-- Installing: /home/kushion/Documents/OpenMantaClaus/install/interfaces/include/interfaces/interfaces/srv/detail/task_command__rosidl_typesupport_fastrtps_c.h\n'}
[7.739394] (interfaces) StdoutLine: {'line': b'-- Installing: /home/kushion/Documents/OpenMantaClaus/install/interfaces/include/interfaces/interfaces/srv/detail/task_complete__rosidl_typesupport_fastrtps_c.h\n'}
[7.739543] (interfaces) StdoutLine: {'line': b'-- Up-to-date: /home/kushion/Documents/OpenMantaClaus/install/interfaces/include/interfaces/interfaces/msg\n'}
[7.739665] (interfaces) StdoutLine: {'line': b'-- Up-to-date: /home/kushion/Documents/OpenMantaClaus/install/interfaces/include/interfaces/interfaces/msg/detail\n'}
[7.739764] (interfaces) StdoutLine: {'line': b'-- Installing: /home/kushion/Documents/OpenMantaClaus/install/interfaces/include/interfaces/interfaces/msg/detail/task_status__rosidl_typesupport_fastrtps_c.h\n'}
[7.739869] (interfaces) StdoutLine: {'line': b'-- Installing: /home/kushion/Documents/OpenMantaClaus/install/interfaces/include/interfaces/interfaces/msg/detail/feature_observations__rosidl_typesupport_fastrtps_c.h\n'}
[7.740029] (interfaces) StdoutLine: {'line': b'-- Installing: /home/kushion/Documents/OpenMantaClaus/install/interfaces/include/interfaces/interfaces/msg/detail/feature_observation__rosidl_typesupport_fastrtps_c.h\n'}
[7.740199] (interfaces) StdoutLine: {'line': b'-- Installing: /home/kushion/Documents/OpenMantaClaus/install/interfaces/include/interfaces/interfaces/msg/rosidl_typesupport_fastrtps_c__visibility_control.h\n'}
[7.740436] (interfaces) StdoutLine: {'line': b'-- Installing: /home/kushion/Documents/OpenMantaClaus/install/interfaces/lib/libinterfaces__rosidl_typesupport_fastrtps_c.so\n'}
[7.740977] (interfaces) StdoutLine: {'line': b'-- Set runtime path of "/home/kushion/Documents/OpenMantaClaus/install/interfaces/lib/libinterfaces__rosidl_typesupport_fastrtps_c.so" to ""\n'}
[7.741090] (interfaces) StdoutLine: {'line': b'-- Up-to-date: /home/kushion/Documents/OpenMantaClaus/install/interfaces/include/interfaces/interfaces\n'}
[7.741202] (interfaces) StdoutLine: {'line': b'-- Up-to-date: /home/kushion/Documents/OpenMantaClaus/install/interfaces/include/interfaces/interfaces/srv\n'}
[7.741310] (interfaces) StdoutLine: {'line': b'-- Up-to-date: /home/kushion/Documents/OpenMantaClaus/install/interfaces/include/interfaces/interfaces/srv/detail\n'}
[7.741374] (interfaces) StdoutLine: {'line': b'-- Installing: /home/kushion/Documents/OpenMantaClaus/install/interfaces/include/interfaces/interfaces/srv/detail/task_command__rosidl_typesupport_introspection_c.h\n'}
[7.741467] (interfaces) StdoutLine: {'line': b'-- Installing: /home/kushion/Documents/OpenMantaClaus/install/interfaces/include/interfaces/interfaces/srv/detail/setup__rosidl_typesupport_introspection_c.h\n'}
[7.741614] (interfaces) StdoutLine: {'line': b'-- Installing: /home/kushion/Documents/OpenMantaClaus/install/interfaces/include/interfaces/interfaces/srv/detail/task_complete__rosidl_typesupport_introspection_c.h\n'}
[7.741788] (interfaces) StdoutLine: {'line': b'-- Installing: /home/kushion/Documents/OpenMantaClaus/install/interfaces/include/interfaces/interfaces/srv/detail/task_complete__type_support.c\n'}
[7.742001] (interfaces) StdoutLine: {'line': b'-- Installing: /home/kushion/Documents/OpenMantaClaus/install/interfaces/include/interfaces/interfaces/srv/detail/setup__type_support.c\n'}
[7.742192] (interfaces) StdoutLine: {'line': b'-- Installing: /home/kushion/Documents/OpenMantaClaus/install/interfaces/include/interfaces/interfaces/srv/detail/task_command__type_support.c\n'}
[7.742318] (interfaces) StdoutLine: {'line': b'-- Up-to-date: /home/kushion/Documents/OpenMantaClaus/install/interfaces/include/interfaces/interfaces/msg\n'}
[7.742410] (interfaces) StdoutLine: {'line': b'-- Installing: /home/kushion/Documents/OpenMantaClaus/install/interfaces/include/interfaces/interfaces/msg/rosidl_typesupport_introspection_c__visibility_control.h\n'}
[7.742546] (interfaces) StdoutLine: {'line': b'-- Up-to-date: /home/kushion/Documents/OpenMantaClaus/install/interfaces/include/interfaces/interfaces/msg/detail\n'}
[7.742642] (interfaces) StdoutLine: {'line': b'-- Installing: /home/kushion/Documents/OpenMantaClaus/install/interfaces/include/interfaces/interfaces/msg/detail/task_status__rosidl_typesupport_introspection_c.h\n'}
[7.742798] (interfaces) StdoutLine: {'line': b'-- Installing: /home/kushion/Documents/OpenMantaClaus/install/interfaces/include/interfaces/interfaces/msg/detail/feature_observations__type_support.c\n'}
[7.742989] (interfaces) StdoutLine: {'line': b'-- Installing: /home/kushion/Documents/OpenMantaClaus/install/interfaces/include/interfaces/interfaces/msg/detail/feature_observations__rosidl_typesupport_introspection_c.h\n'}
[7.743153] (interfaces) StdoutLine: {'line': b'-- Installing: /home/kushion/Documents/OpenMantaClaus/install/interfaces/include/interfaces/interfaces/msg/detail/task_status__type_support.c\n'}
[7.743318] (interfaces) StdoutLine: {'line': b'-- Installing: /home/kushion/Documents/OpenMantaClaus/install/interfaces/include/interfaces/interfaces/msg/detail/feature_observation__rosidl_typesupport_introspection_c.h\n'}
[7.743486] (interfaces) StdoutLine: {'line': b'-- Installing: /home/kushion/Documents/OpenMantaClaus/install/interfaces/include/interfaces/interfaces/msg/detail/feature_observation__type_support.c\n'}
[7.743764] (interfaces) StdoutLine: {'line': b'-- Installing: /home/kushion/Documents/OpenMantaClaus/install/interfaces/lib/libinterfaces__rosidl_typesupport_introspection_c.so\n'}
[7.744245] (interfaces) StdoutLine: {'line': b'-- Set runtime path of "/home/kushion/Documents/OpenMantaClaus/install/interfaces/lib/libinterfaces__rosidl_typesupport_introspection_c.so" to ""\n'}
[7.744389] (interfaces) StdoutLine: {'line': b'-- Installing: /home/kushion/Documents/OpenMantaClaus/install/interfaces/lib/libinterfaces__rosidl_typesupport_c.so\n'}
[7.745118] (interfaces) StdoutLine: {'line': b'-- Set runtime path of "/home/kushion/Documents/OpenMantaClaus/install/interfaces/lib/libinterfaces__rosidl_typesupport_c.so" to ""\n'}
[7.745298] (interfaces) StdoutLine: {'line': b'-- Up-to-date: /home/kushion/Documents/OpenMantaClaus/install/interfaces/include/interfaces/interfaces\n'}
[7.745401] (interfaces) StdoutLine: {'line': b'-- Up-to-date: /home/kushion/Documents/OpenMantaClaus/install/interfaces/include/interfaces/interfaces/srv\n'}
[7.745466] (interfaces) StdoutLine: {'line': b'-- Installing: /home/kushion/Documents/OpenMantaClaus/install/interfaces/include/interfaces/interfaces/srv/task_command.hpp\n'}
[7.745577] (interfaces) StdoutLine: {'line': b'-- Up-to-date: /home/kushion/Documents/OpenMantaClaus/install/interfaces/include/interfaces/interfaces/srv/detail\n'}
[7.745687] (interfaces) StdoutLine: {'line': b'-- Installing: /home/kushion/Documents/OpenMantaClaus/install/interfaces/include/interfaces/interfaces/srv/detail/task_command__struct.hpp\n'}
[7.745819] (interfaces) StdoutLine: {'line': b'-- Installing: /home/kushion/Documents/OpenMantaClaus/install/interfaces/include/interfaces/interfaces/srv/detail/setup__builder.hpp\n'}
[7.745982] (interfaces) StdoutLine: {'line': b'-- Installing: /home/kushion/Documents/OpenMantaClaus/install/interfaces/include/interfaces/interfaces/srv/detail/task_command__builder.hpp\n'}
[7.746144] (interfaces) StdoutLine: {'line': b'-- Installing: /home/kushion/Documents/OpenMantaClaus/install/interfaces/include/interfaces/interfaces/srv/detail/task_command__type_support.hpp\n'}
[7.746309] (interfaces) StdoutLine: {'line': b'-- Installing: /home/kushion/Documents/OpenMantaClaus/install/interfaces/include/interfaces/interfaces/srv/detail/setup__traits.hpp\n'}
[7.746477] (interfaces) StdoutLine: {'line': b'-- Installing: /home/kushion/Documents/OpenMantaClaus/install/interfaces/include/interfaces/interfaces/srv/detail/setup__struct.hpp\n'}
[7.746651] (interfaces) StdoutLine: {'line': b'-- Installing: /home/kushion/Documents/OpenMantaClaus/install/interfaces/include/interfaces/interfaces/srv/detail/setup__type_support.hpp\n'}
[7.746813] (interfaces) StdoutLine: {'line': b'-- Installing: /home/kushion/Documents/OpenMantaClaus/install/interfaces/include/interfaces/interfaces/srv/detail/task_complete__struct.hpp\n'}
[7.746977] (interfaces) StdoutLine: {'line': b'-- Installing: /home/kushion/Documents/OpenMantaClaus/install/interfaces/include/interfaces/interfaces/srv/detail/task_command__traits.hpp\n'}
[7.747149] (interfaces) StdoutLine: {'line': b'-- Installing: /home/kushion/Documents/OpenMantaClaus/install/interfaces/include/interfaces/interfaces/srv/detail/task_complete__builder.hpp\n'}
[7.747304] (interfaces) StdoutLine: {'line': b'-- Installing: /home/kushion/Documents/OpenMantaClaus/install/interfaces/include/interfaces/interfaces/srv/detail/task_complete__traits.hpp\n'}
[7.747472] (interfaces) StdoutLine: {'line': b'-- Installing: /home/kushion/Documents/OpenMantaClaus/install/interfaces/include/interfaces/interfaces/srv/detail/task_complete__type_support.hpp\n'}
[7.747634] (interfaces) StdoutLine: {'line': b'-- Installing: /home/kushion/Documents/OpenMantaClaus/install/interfaces/include/interfaces/interfaces/srv/task_complete.hpp\n'}
[7.747828] (interfaces) StdoutLine: {'line': b'-- Installing: /home/kushion/Documents/OpenMantaClaus/install/interfaces/include/interfaces/interfaces/srv/setup.hpp\n'}
[7.747949] (interfaces) StdoutLine: {'line': b'-- Up-to-date: /home/kushion/Documents/OpenMantaClaus/install/interfaces/include/interfaces/interfaces/msg\n'}
[7.748050] (interfaces) StdoutLine: {'line': b'-- Installing: /home/kushion/Documents/OpenMantaClaus/install/interfaces/include/interfaces/interfaces/msg/task_status.hpp\n'}
[7.748167] (interfaces) StdoutLine: {'line': b'-- Up-to-date: /home/kushion/Documents/OpenMantaClaus/install/interfaces/include/interfaces/interfaces/msg/detail\n'}
[7.748256] (interfaces) StdoutLine: {'line': b'-- Installing: /home/kushion/Documents/OpenMantaClaus/install/interfaces/include/interfaces/interfaces/msg/detail/feature_observation__struct.hpp\n'}
[7.748411] (interfaces) StdoutLine: {'line': b'-- Installing: /home/kushion/Documents/OpenMantaClaus/install/interfaces/include/interfaces/interfaces/msg/detail/task_status__traits.hpp\n'}
[7.748567] (interfaces) StdoutLine: {'line': b'-- Installing: /home/kushion/Documents/OpenMantaClaus/install/interfaces/include/interfaces/interfaces/msg/detail/feature_observations__builder.hpp\n'}
[7.748746] (interfaces) StdoutLine: {'line': b'-- Installing: /home/kushion/Documents/OpenMantaClaus/install/interfaces/include/interfaces/interfaces/msg/detail/feature_observations__traits.hpp\n'}
[7.748907] (interfaces) StdoutLine: {'line': b'-- Installing: /home/kushion/Documents/OpenMantaClaus/install/interfaces/include/interfaces/interfaces/msg/detail/task_status__builder.hpp\n'}
[7.749070] (interfaces) StdoutLine: {'line': b'-- Installing: /home/kushion/Documents/OpenMantaClaus/install/interfaces/include/interfaces/interfaces/msg/detail/feature_observation__type_support.hpp\n'}
[7.749228] (interfaces) StdoutLine: {'line': b'-- Installing: /home/kushion/Documents/OpenMantaClaus/install/interfaces/include/interfaces/interfaces/msg/detail/feature_observation__builder.hpp\n'}
[7.749381] (interfaces) StdoutLine: {'line': b'-- Installing: /home/kushion/Documents/OpenMantaClaus/install/interfaces/include/interfaces/interfaces/msg/detail/feature_observations__struct.hpp\n'}
[7.749539] (interfaces) StdoutLine: {'line': b'-- Installing: /home/kushion/Documents/OpenMantaClaus/install/interfaces/include/interfaces/interfaces/msg/detail/feature_observations__type_support.hpp\n'}
[7.749739] (interfaces) StdoutLine: {'line': b'-- Installing: /home/kushion/Documents/OpenMantaClaus/install/interfaces/include/interfaces/interfaces/msg/detail/task_status__type_support.hpp\n'}
[7.749898] (interfaces) StdoutLine: {'line': b'-- Installing: /home/kushion/Documents/OpenMantaClaus/install/interfaces/include/interfaces/interfaces/msg/detail/task_status__struct.hpp\n'}
[7.750053] (interfaces) StdoutLine: {'line': b'-- Installing: /home/kushion/Documents/OpenMantaClaus/install/interfaces/include/interfaces/interfaces/msg/detail/feature_observation__traits.hpp\n'}
[7.750206] (interfaces) StdoutLine: {'line': b'-- Installing: /home/kushion/Documents/OpenMantaClaus/install/interfaces/include/interfaces/interfaces/msg/feature_observations.hpp\n'}
[7.750352] (interfaces) StdoutLine: {'line': b'-- Installing: /home/kushion/Documents/OpenMantaClaus/install/interfaces/include/interfaces/interfaces/msg/feature_observation.hpp\n'}
[7.750500] (interfaces) StdoutLine: {'line': b'-- Installing: /home/kushion/Documents/OpenMantaClaus/install/interfaces/include/interfaces/interfaces/msg/rosidl_generator_cpp__visibility_control.hpp\n'}
[7.750716] (interfaces) StdoutLine: {'line': b'-- Up-to-date: /home/kushion/Documents/OpenMantaClaus/install/interfaces/include/interfaces/interfaces\n'}
[7.750805] (interfaces) StdoutLine: {'line': b'-- Up-to-date: /home/kushion/Documents/OpenMantaClaus/install/interfaces/include/interfaces/interfaces/srv\n'}
[7.750901] (interfaces) StdoutLine: {'line': b'-- Up-to-date: /home/kushion/Documents/OpenMantaClaus/install/interfaces/include/interfaces/interfaces/srv/detail\n'}
[7.750995] (interfaces) StdoutLine: {'line': b'-- Installing: /home/kushion/Documents/OpenMantaClaus/install/interfaces/include/interfaces/interfaces/srv/detail/task_command__rosidl_typesupport_fastrtps_cpp.hpp\n'}
[7.751081] (interfaces) StdoutLine: {'line': b'-- Installing: /home/kushion/Documents/OpenMantaClaus/install/interfaces/include/interfaces/interfaces/srv/detail/dds_fastrtps\n'}
[7.751235] (interfaces) StdoutLine: {'line': b'-- Installing: /home/kushion/Documents/OpenMantaClaus/install/interfaces/include/interfaces/interfaces/srv/detail/setup__rosidl_typesupport_fastrtps_cpp.hpp\n'}
[7.751420] (interfaces) StdoutLine: {'line': b'-- Installing: /home/kushion/Documents/OpenMantaClaus/install/interfaces/include/interfaces/interfaces/srv/detail/task_complete__rosidl_typesupport_fastrtps_cpp.hpp\n'}
[7.751584] (interfaces) StdoutLine: {'line': b'-- Up-to-date: /home/kushion/Documents/OpenMantaClaus/install/interfaces/include/interfaces/interfaces/msg\n'}
[7.751701] (interfaces) StdoutLine: {'line': b'-- Up-to-date: /home/kushion/Documents/OpenMantaClaus/install/interfaces/include/interfaces/interfaces/msg/detail\n'}
[7.751803] (interfaces) StdoutLine: {'line': b'-- Installing: /home/kushion/Documents/OpenMantaClaus/install/interfaces/include/interfaces/interfaces/msg/detail/task_status__rosidl_typesupport_fastrtps_cpp.hpp\n'}
[7.751924] (interfaces) StdoutLine: {'line': b'-- Installing: /home/kushion/Documents/OpenMantaClaus/install/interfaces/include/interfaces/interfaces/msg/detail/feature_observation__rosidl_typesupport_fastrtps_cpp.hpp\n'}
[7.752069] (interfaces) StdoutLine: {'line': b'-- Installing: /home/kushion/Documents/OpenMantaClaus/install/interfaces/include/interfaces/interfaces/msg/detail/feature_observations__rosidl_typesupport_fastrtps_cpp.hpp\n'}
[7.752216] (interfaces) StdoutLine: {'line': b'-- Installing: /home/kushion/Documents/OpenMantaClaus/install/interfaces/include/interfaces/interfaces/msg/detail/dds_fastrtps\n'}
[7.752346] (interfaces) StdoutLine: {'line': b'-- Installing: /home/kushion/Documents/OpenMantaClaus/install/interfaces/include/interfaces/interfaces/msg/rosidl_typesupport_fastrtps_cpp__visibility_control.h\n'}
[7.752609] (interfaces) StdoutLine: {'line': b'-- Installing: /home/kushion/Documents/OpenMantaClaus/install/interfaces/lib/libinterfaces__rosidl_typesupport_fastrtps_cpp.so\n'}
[7.753262] (interfaces) StdoutLine: {'line': b'-- Set runtime path of "/home/kushion/Documents/OpenMantaClaus/install/interfaces/lib/libinterfaces__rosidl_typesupport_fastrtps_cpp.so" to ""\n'}
[7.753396] (interfaces) StdoutLine: {'line': b'-- Up-to-date: /home/kushion/Documents/OpenMantaClaus/install/interfaces/include/interfaces/interfaces\n'}
[7.753508] (interfaces) StdoutLine: {'line': b'-- Up-to-date: /home/kushion/Documents/OpenMantaClaus/install/interfaces/include/interfaces/interfaces/srv\n'}
[7.753613] (interfaces) StdoutLine: {'line': b'-- Up-to-date: /home/kushion/Documents/OpenMantaClaus/install/interfaces/include/interfaces/interfaces/srv/detail\n'}
[7.753701] (interfaces) StdoutLine: {'line': b'-- Installing: /home/kushion/Documents/OpenMantaClaus/install/interfaces/include/interfaces/interfaces/srv/detail/task_complete__type_support.cpp\n'}
[7.753873] (interfaces) StdoutLine: {'line': b'-- Installing: /home/kushion/Documents/OpenMantaClaus/install/interfaces/include/interfaces/interfaces/srv/detail/task_command__type_support.cpp\n'}
[7.753995] (interfaces) StdoutLine: {'line': b'-- Installing: /home/kushion/Documents/OpenMantaClaus/install/interfaces/include/interfaces/interfaces/srv/detail/task_command__rosidl_typesupport_introspection_cpp.hpp\n'}
[7.754098] (interfaces) StdoutLine: {'line': b'-- Installing: /home/kushion/Documents/OpenMantaClaus/install/interfaces/include/interfaces/interfaces/srv/detail/task_complete__rosidl_typesupport_introspection_cpp.hpp\n'}
[7.754245] (interfaces) StdoutLine: {'line': b'-- Installing: /home/kushion/Documents/OpenMantaClaus/install/interfaces/include/interfaces/interfaces/srv/detail/setup__type_support.cpp\n'}
[7.754426] (interfaces) StdoutLine: {'line': b'-- Installing: /home/kushion/Documents/OpenMantaClaus/install/interfaces/include/interfaces/interfaces/srv/detail/setup__rosidl_typesupport_introspection_cpp.hpp\n'}
[7.754575] (interfaces) StdoutLine: {'line': b'-- Up-to-date: /home/kushion/Documents/OpenMantaClaus/install/interfaces/include/interfaces/interfaces/msg\n'}
[7.754794] (interfaces) StdoutLine: {'line': b'-- Up-to-date: /home/kushion/Documents/OpenMantaClaus/install/interfaces/include/interfaces/interfaces/msg/detail\n'}
[7.754940] (interfaces) StdoutLine: {'line': b'-- Installing: /home/kushion/Documents/OpenMantaClaus/install/interfaces/include/interfaces/interfaces/msg/detail/task_status__rosidl_typesupport_introspection_cpp.hpp\n'}
[7.755095] (interfaces) StdoutLine: {'line': b'-- Installing: /home/kushion/Documents/OpenMantaClaus/install/interfaces/include/interfaces/interfaces/msg/detail/feature_observation__type_support.cpp\n'}
[7.755258] (interfaces) StdoutLine: {'line': b'-- Installing: /home/kushion/Documents/OpenMantaClaus/install/interfaces/include/interfaces/interfaces/msg/detail/feature_observation__rosidl_typesupport_introspection_cpp.hpp\n'}
[7.755356] (interfaces) StdoutLine: {'line': b'-- Installing: /home/kushion/Documents/OpenMantaClaus/install/interfaces/include/interfaces/interfaces/msg/detail/feature_observations__type_support.cpp\n'}
[7.755467] (interfaces) StdoutLine: {'line': b'-- Installing: /home/kushion/Documents/OpenMantaClaus/install/interfaces/include/interfaces/interfaces/msg/detail/task_status__type_support.cpp\n'}
[7.755587] (interfaces) StdoutLine: {'line': b'-- Installing: /home/kushion/Documents/OpenMantaClaus/install/interfaces/include/interfaces/interfaces/msg/detail/feature_observations__rosidl_typesupport_introspection_cpp.hpp\n'}
[7.755902] (interfaces) StdoutLine: {'line': b'-- Installing: /home/kushion/Documents/OpenMantaClaus/install/interfaces/lib/libinterfaces__rosidl_typesupport_introspection_cpp.so\n'}
[7.756459] (interfaces) StdoutLine: {'line': b'-- Set runtime path of "/home/kushion/Documents/OpenMantaClaus/install/interfaces/lib/libinterfaces__rosidl_typesupport_introspection_cpp.so" to ""\n'}
[7.756583] (interfaces) StdoutLine: {'line': b'-- Installing: /home/kushion/Documents/OpenMantaClaus/install/interfaces/lib/libinterfaces__rosidl_typesupport_cpp.so\n'}
[7.757024] (interfaces) StdoutLine: {'line': b'-- Set runtime path of "/home/kushion/Documents/OpenMantaClaus/install/interfaces/lib/libinterfaces__rosidl_typesupport_cpp.so" to ""\n'}
[7.757241] (interfaces) StdoutLine: {'line': b'-- Installing: /home/kushion/Documents/OpenMantaClaus/install/interfaces/share/interfaces/environment/pythonpath.sh\n'}
[7.757395] (interfaces) StdoutLine: {'line': b'-- Installing: /home/kushion/Documents/OpenMantaClaus/install/interfaces/share/interfaces/environment/pythonpath.dsv\n'}
[7.757537] (interfaces) StdoutLine: {'line': b'-- Installing: /home/kushion/Documents/OpenMantaClaus/install/interfaces/local/lib/python3.10/dist-packages/interfaces-0.0.0-py3.10.egg-info\n'}
[7.757792] (interfaces) StdoutLine: {'line': b'-- Installing: /home/kushion/Documents/OpenMantaClaus/install/interfaces/local/lib/python3.10/dist-packages/interfaces-0.0.0-py3.10.egg-info/PKG-INFO\n'}
[7.757967] (interfaces) StdoutLine: {'line': b'-- Installing: /home/kushion/Documents/OpenMantaClaus/install/interfaces/local/lib/python3.10/dist-packages/interfaces-0.0.0-py3.10.egg-info/top_level.txt\n'}
[7.758123] (interfaces) StdoutLine: {'line': b'-- Installing: /home/kushion/Documents/OpenMantaClaus/install/interfaces/local/lib/python3.10/dist-packages/interfaces-0.0.0-py3.10.egg-info/SOURCES.txt\n'}
[7.758265] (interfaces) StdoutLine: {'line': b'-- Installing: /home/kushion/Documents/OpenMantaClaus/install/interfaces/local/lib/python3.10/dist-packages/interfaces-0.0.0-py3.10.egg-info/dependency_links.txt\n'}
[7.758467] (interfaces) StdoutLine: {'line': b'-- Installing: /home/kushion/Documents/OpenMantaClaus/install/interfaces/local/lib/python3.10/dist-packages/interfaces\n'}
[7.758604] (interfaces) StdoutLine: {'line': b'-- Installing: /home/kushion/Documents/OpenMantaClaus/install/interfaces/local/lib/python3.10/dist-packages/interfaces/_interfaces_s.ep.rosidl_typesupport_introspection_c.c\n'}
[7.758844] (interfaces) StdoutLine: {'line': b'-- Installing: /home/kushion/Documents/OpenMantaClaus/install/interfaces/local/lib/python3.10/dist-packages/interfaces/srv\n'}
[7.758965] (interfaces) StdoutLine: {'line': b'-- Installing: /home/kushion/Documents/OpenMantaClaus/install/interfaces/local/lib/python3.10/dist-packages/interfaces/srv/_task_command_s.c\n'}
[7.759120] (interfaces) StdoutLine: {'line': b'-- Installing: /home/kushion/Documents/OpenMantaClaus/install/interfaces/local/lib/python3.10/dist-packages/interfaces/srv/__init__.py\n'}
[7.759271] (interfaces) StdoutLine: {'line': b'-- Installing: /home/kushion/Documents/OpenMantaClaus/install/interfaces/local/lib/python3.10/dist-packages/interfaces/srv/_task_command.py\n'}
[7.759438] (interfaces) StdoutLine: {'line': b'-- Installing: /home/kushion/Documents/OpenMantaClaus/install/interfaces/local/lib/python3.10/dist-packages/interfaces/srv/_setup.py\n'}
[7.759614] (interfaces) StdoutLine: {'line': b'-- Installing: /home/kushion/Documents/OpenMantaClaus/install/interfaces/local/lib/python3.10/dist-packages/interfaces/srv/_task_complete_s.c\n'}
[7.759782] (interfaces) StdoutLine: {'line': b'-- Installing: /home/kushion/Documents/OpenMantaClaus/install/interfaces/local/lib/python3.10/dist-packages/interfaces/srv/_task_complete.py\n'}
[7.759942] (interfaces) StdoutLine: {'line': b'-- Installing: /home/kushion/Documents/OpenMantaClaus/install/interfaces/local/lib/python3.10/dist-packages/interfaces/srv/_setup_s.c\n'}
[7.760092] (interfaces) StdoutLine: {'line': b'-- Installing: /home/kushion/Documents/OpenMantaClaus/install/interfaces/local/lib/python3.10/dist-packages/interfaces/__init__.py\n'}
[7.760233] (interfaces) StdoutLine: {'line': b'-- Installing: /home/kushion/Documents/OpenMantaClaus/install/interfaces/local/lib/python3.10/dist-packages/interfaces/interfaces_s__rosidl_typesupport_introspection_c.cpython-310-x86_64-linux-gnu.so\n'}
[7.760443] (interfaces) StdoutLine: {'line': b'-- Installing: /home/kushion/Documents/OpenMantaClaus/install/interfaces/local/lib/python3.10/dist-packages/interfaces/interfaces_s__rosidl_typesupport_c.cpython-310-x86_64-linux-gnu.so\n'}
[7.760686] (interfaces) StdoutLine: {'line': b'-- Installing: /home/kushion/Documents/OpenMantaClaus/install/interfaces/local/lib/python3.10/dist-packages/interfaces/interfaces_s__rosidl_typesupport_fastrtps_c.cpython-310-x86_64-linux-gnu.so\n'}
[7.760894] (interfaces) StdoutLine: {'line': b'-- Installing: /home/kushion/Documents/OpenMantaClaus/install/interfaces/local/lib/python3.10/dist-packages/interfaces/libinterfaces__rosidl_generator_py.so\n'}
[7.761110] (interfaces) StdoutLine: {'line': b'-- Installing: /home/kushion/Documents/OpenMantaClaus/install/interfaces/local/lib/python3.10/dist-packages/interfaces/_interfaces_s.ep.rosidl_typesupport_fastrtps_c.c\n'}
[7.761363] (interfaces) StdoutLine: {'line': b'-- Installing: /home/kushion/Documents/OpenMantaClaus/install/interfaces/local/lib/python3.10/dist-packages/interfaces/msg\n'}
[7.761474] (interfaces) StdoutLine: {'line': b'-- Installing: /home/kushion/Documents/OpenMantaClaus/install/interfaces/local/lib/python3.10/dist-packages/interfaces/msg/_task_status.py\n'}
[7.761583] (interfaces) StdoutLine: {'line': b'-- Installing: /home/kushion/Documents/OpenMantaClaus/install/interfaces/local/lib/python3.10/dist-packages/interfaces/msg/__init__.py\n'}
[7.761742] (interfaces) StdoutLine: {'line': b'-- Installing: /home/kushion/Documents/OpenMantaClaus/install/interfaces/local/lib/python3.10/dist-packages/interfaces/msg/_feature_observations_s.c\n'}
[7.761892] (interfaces) StdoutLine: {'line': b'-- Installing: /home/kushion/Documents/OpenMantaClaus/install/interfaces/local/lib/python3.10/dist-packages/interfaces/msg/_feature_observation.py\n'}
[7.762043] (interfaces) StdoutLine: {'line': b'-- Installing: /home/kushion/Documents/OpenMantaClaus/install/interfaces/local/lib/python3.10/dist-packages/interfaces/msg/_feature_observation_s.c\n'}
[7.762188] (interfaces) StdoutLine: {'line': b'-- Installing: /home/kushion/Documents/OpenMantaClaus/install/interfaces/local/lib/python3.10/dist-packages/interfaces/msg/_feature_observations.py\n'}
[7.762344] (interfaces) StdoutLine: {'line': b'-- Installing: /home/kushion/Documents/OpenMantaClaus/install/interfaces/local/lib/python3.10/dist-packages/interfaces/msg/_task_status_s.c\n'}
[7.762492] (interfaces) StdoutLine: {'line': b'-- Installing: /home/kushion/Documents/OpenMantaClaus/install/interfaces/local/lib/python3.10/dist-packages/interfaces/_interfaces_s.ep.rosidl_typesupport_c.c\n'}
[7.827334] (interfaces) StdoutLine: {'line': b"Listing '/home/kushion/Documents/OpenMantaClaus/install/interfaces/local/lib/python3.10/dist-packages/interfaces'...\n"}
[7.827716] (interfaces) StdoutLine: {'line': b"Compiling '/home/kushion/Documents/OpenMantaClaus/install/interfaces/local/lib/python3.10/dist-packages/interfaces/__init__.py'...\n"}
[7.827824] (interfaces) StdoutLine: {'line': b"Listing '/home/kushion/Documents/OpenMantaClaus/install/interfaces/local/lib/python3.10/dist-packages/interfaces/msg'...\n"}
[7.827908] (interfaces) StdoutLine: {'line': b"Compiling '/home/kushion/Documents/OpenMantaClaus/install/interfaces/local/lib/python3.10/dist-packages/interfaces/msg/__init__.py'...\n"}
[7.827985] (-) TimerEvent: {}
[7.828151] (interfaces) StdoutLine: {'line': b"Compiling '/home/kushion/Documents/OpenMantaClaus/install/interfaces/local/lib/python3.10/dist-packages/interfaces/msg/_feature_observation.py'...\n"}
[7.828239] (interfaces) StdoutLine: {'line': b"Compiling '/home/kushion/Documents/OpenMantaClaus/install/interfaces/local/lib/python3.10/dist-packages/interfaces/msg/_feature_observations.py'...\n"}
[7.828316] (interfaces) StdoutLine: {'line': b"Compiling '/home/kushion/Documents/OpenMantaClaus/install/interfaces/local/lib/python3.10/dist-packages/interfaces/msg/_task_status.py'...\n"}
[7.828391] (interfaces) StdoutLine: {'line': b"Listing '/home/kushion/Documents/OpenMantaClaus/install/interfaces/local/lib/python3.10/dist-packages/interfaces/srv'...\n"}
[7.828466] (interfaces) StdoutLine: {'line': b"Compiling '/home/kushion/Documents/OpenMantaClaus/install/interfaces/local/lib/python3.10/dist-packages/interfaces/srv/__init__.py'...\n"}
[7.828543] (interfaces) StdoutLine: {'line': b"Compiling '/home/kushion/Documents/OpenMantaClaus/install/interfaces/local/lib/python3.10/dist-packages/interfaces/srv/_setup.py'...\n"}
[7.828640] (interfaces) StdoutLine: {'line': b"Compiling '/home/kushion/Documents/OpenMantaClaus/install/interfaces/local/lib/python3.10/dist-packages/interfaces/srv/_task_command.py'...\n"}
[7.828728] (interfaces) StdoutLine: {'line': b"Compiling '/home/kushion/Documents/OpenMantaClaus/install/interfaces/local/lib/python3.10/dist-packages/interfaces/srv/_task_complete.py'...\n"}
[7.832764] (interfaces) StdoutLine: {'line': b'-- Installing: /home/kushion/Documents/OpenMantaClaus/install/interfaces/local/lib/python3.10/dist-packages/interfaces/interfaces_s__rosidl_typesupport_fastrtps_c.cpython-310-x86_64-linux-gnu.so\n'}
[7.833175] (interfaces) StdoutLine: {'line': b'-- Set runtime path of "/home/kushion/Documents/OpenMantaClaus/install/interfaces/local/lib/python3.10/dist-packages/interfaces/interfaces_s__rosidl_typesupport_fastrtps_c.cpython-310-x86_64-linux-gnu.so" to ""\n'}
[7.833506] (interfaces) StdoutLine: {'line': b'-- Installing: /home/kushion/Documents/OpenMantaClaus/install/interfaces/local/lib/python3.10/dist-packages/interfaces/interfaces_s__rosidl_typesupport_introspection_c.cpython-310-x86_64-linux-gnu.so\n'}
[7.833717] (interfaces) StdoutLine: {'line': b'-- Set runtime path of "/home/kushion/Documents/OpenMantaClaus/install/interfaces/local/lib/python3.10/dist-packages/interfaces/interfaces_s__rosidl_typesupport_introspection_c.cpython-310-x86_64-linux-gnu.so" to ""\n'}
[7.833948] (interfaces) StdoutLine: {'line': b'-- Installing: /home/kushion/Documents/OpenMantaClaus/install/interfaces/local/lib/python3.10/dist-packages/interfaces/interfaces_s__rosidl_typesupport_c.cpython-310-x86_64-linux-gnu.so\n'}
[7.834269] (interfaces) StdoutLine: {'line': b'-- Set runtime path of "/home/kushion/Documents/OpenMantaClaus/install/interfaces/local/lib/python3.10/dist-packages/interfaces/interfaces_s__rosidl_typesupport_c.cpython-310-x86_64-linux-gnu.so" to ""\n'}
[7.834374] (interfaces) StdoutLine: {'line': b'-- Installing: /home/kushion/Documents/OpenMantaClaus/install/interfaces/lib/libinterfaces__rosidl_generator_py.so\n'}
[7.834731] (interfaces) StdoutLine: {'line': b'-- Set runtime path of "/home/kushion/Documents/OpenMantaClaus/install/interfaces/lib/libinterfaces__rosidl_generator_py.so" to ""\n'}
[7.834957] (interfaces) StdoutLine: {'line': b'-- Installing: /home/kushion/Documents/OpenMantaClaus/install/interfaces/share/interfaces/msg/FeatureObservation.idl\n'}
[7.835105] (interfaces) StdoutLine: {'line': b'-- Installing: /home/kushion/Documents/OpenMantaClaus/install/interfaces/share/interfaces/msg/FeatureObservations.idl\n'}
[7.835245] (interfaces) StdoutLine: {'line': b'-- Installing: /home/kushion/Documents/OpenMantaClaus/install/interfaces/share/interfaces/msg/TaskStatus.idl\n'}
[7.835535] (interfaces) StdoutLine: {'line': b'-- Installing: /home/kushion/Documents/OpenMantaClaus/install/interfaces/share/interfaces/srv/Setup.idl\n'}
[7.835830] (interfaces) StdoutLine: {'line': b'-- Installing: /home/kushion/Documents/OpenMantaClaus/install/interfaces/share/interfaces/srv/TaskCommand.idl\n'}
[7.835953] (interfaces) StdoutLine: {'line': b'-- Installing: /home/kushion/Documents/OpenMantaClaus/install/interfaces/share/interfaces/srv/TaskComplete.idl\n'}
[7.836094] (interfaces) StdoutLine: {'line': b'-- Installing: /home/kushion/Documents/OpenMantaClaus/install/interfaces/share/interfaces/msg/FeatureObservation.msg\n'}
[7.836231] (interfaces) StdoutLine: {'line': b'-- Installing: /home/kushion/Documents/OpenMantaClaus/install/interfaces/share/interfaces/msg/FeatureObservations.msg\n'}
[7.836362] (interfaces) StdoutLine: {'line': b'-- Installing: /home/kushion/Documents/OpenMantaClaus/install/interfaces/share/interfaces/msg/TaskStatus.msg\n'}
[7.836492] (interfaces) StdoutLine: {'line': b'-- Installing: /home/kushion/Documents/OpenMantaClaus/install/interfaces/share/interfaces/srv/Setup.srv\n'}
[7.836580] (interfaces) StdoutLine: {'line': b'-- Installing: /home/kushion/Documents/OpenMantaClaus/install/interfaces/share/interfaces/srv/Setup_Request.msg\n'}
[7.836708] (interfaces) StdoutLine: {'line': b'-- Installing: /home/kushion/Documents/OpenMantaClaus/install/interfaces/share/interfaces/srv/Setup_Response.msg\n'}
[7.836831] (interfaces) StdoutLine: {'line': b'-- Installing: /home/kushion/Documents/OpenMantaClaus/install/interfaces/share/interfaces/srv/TaskCommand.srv\n'}
[7.836950] (interfaces) StdoutLine: {'line': b'-- Installing: /home/kushion/Documents/OpenMantaClaus/install/interfaces/share/interfaces/srv/TaskCommand_Request.msg\n'}
[7.837066] (interfaces) StdoutLine: {'line': b'-- Installing: /home/kushion/Documents/OpenMantaClaus/install/interfaces/share/interfaces/srv/TaskCommand_Response.msg\n'}
[7.837217] (interfaces) StdoutLine: {'line': b'-- Installing: /home/kushion/Documents/OpenMantaClaus/install/interfaces/share/interfaces/srv/TaskComplete.srv\n'}
[7.837379] (interfaces) StdoutLine: {'line': b'-- Installing: /home/kushion/Documents/OpenMantaClaus/install/interfaces/share/interfaces/srv/TaskComplete_Request.msg\n'}
[7.837534] (interfaces) StdoutLine: {'line': b'-- Installing: /home/kushion/Documents/OpenMantaClaus/install/interfaces/share/interfaces/srv/TaskComplete_Response.msg\n'}
[7.837761] (interfaces) StdoutLine: {'line': b'-- Installing: /home/kushion/Documents/OpenMantaClaus/install/interfaces/share/ament_index/resource_index/package_run_dependencies/interfaces\n'}
[7.837959] (interfaces) StdoutLine: {'line': b'-- Installing: /home/kushion/Documents/OpenMantaClaus/install/interfaces/share/ament_index/resource_index/parent_prefix_path/interfaces\n'}
[7.838128] (interfaces) StdoutLine: {'line': b'-- Installing: /home/kushion/Documents/OpenMantaClaus/install/interfaces/share/interfaces/environment/ament_prefix_path.sh\n'}
[7.838299] (interfaces) StdoutLine: {'line': b'-- Installing: /home/kushion/Documents/OpenMantaClaus/install/interfaces/share/interfaces/environment/ament_prefix_path.dsv\n'}
[7.838459] (interfaces) StdoutLine: {'line': b'-- Installing: /home/kushion/Documents/OpenMantaClaus/install/interfaces/share/interfaces/environment/path.sh\n'}
[7.838610] (interfaces) StdoutLine: {'line': b'-- Installing: /home/kushion/Documents/OpenMantaClaus/install/interfaces/share/interfaces/environment/path.dsv\n'}
[7.838788] (interfaces) StdoutLine: {'line': b'-- Installing: /home/kushion/Documents/OpenMantaClaus/install/interfaces/share/interfaces/local_setup.bash\n'}
[7.838943] (interfaces) StdoutLine: {'line': b'-- Installing: /home/kushion/Documents/OpenMantaClaus/install/interfaces/share/interfaces/local_setup.sh\n'}
[7.839105] (interfaces) StdoutLine: {'line': b'-- Installing: /home/kushion/Documents/OpenMantaClaus/install/interfaces/share/interfaces/local_setup.zsh\n'}
[7.839261] (interfaces) StdoutLine: {'line': b'-- Installing: /home/kushion/Documents/OpenMantaClaus/install/interfaces/share/interfaces/local_setup.dsv\n'}
[7.839418] (interfaces) StdoutLine: {'line': b'-- Installing: /home/kushion/Documents/OpenMantaClaus/install/interfaces/share/interfaces/package.dsv\n'}
[7.839628] (interfaces) StdoutLine: {'line': b'-- Installing: /home/kushion/Documents/OpenMantaClaus/install/interfaces/share/ament_index/resource_index/packages/interfaces\n'}
[7.839874] (interfaces) StdoutLine: {'line': b'-- Installing: /home/kushion/Documents/OpenMantaClaus/install/interfaces/share/interfaces/cmake/export_interfaces__rosidl_generator_cExport.cmake\n'}
[7.840055] (interfaces) StdoutLine: {'line': b'-- Installing: /home/kushion/Documents/OpenMantaClaus/install/interfaces/share/interfaces/cmake/export_interfaces__rosidl_generator_cExport-noconfig.cmake\n'}
[7.840242] (interfaces) StdoutLine: {'line': b'-- Installing: /home/kushion/Documents/OpenMantaClaus/install/interfaces/share/interfaces/cmake/export_interfaces__rosidl_typesupport_fastrtps_cExport.cmake\n'}
[7.840401] (interfaces) StdoutLine: {'line': b'-- Installing: /home/kushion/Documents/OpenMantaClaus/install/interfaces/share/interfaces/cmake/export_interfaces__rosidl_typesupport_fastrtps_cExport-noconfig.cmake\n'}
[7.840574] (interfaces) StdoutLine: {'line': b'-- Installing: /home/kushion/Documents/OpenMantaClaus/install/interfaces/share/interfaces/cmake/interfaces__rosidl_typesupport_introspection_cExport.cmake\n'}
[7.840773] (interfaces) StdoutLine: {'line': b'-- Installing: /home/kushion/Documents/OpenMantaClaus/install/interfaces/share/interfaces/cmake/interfaces__rosidl_typesupport_introspection_cExport-noconfig.cmake\n'}
[7.840954] (interfaces) StdoutLine: {'line': b'-- Installing: /home/kushion/Documents/OpenMantaClaus/install/interfaces/share/interfaces/cmake/interfaces__rosidl_typesupport_cExport.cmake\n'}
[7.841109] (interfaces) StdoutLine: {'line': b'-- Installing: /home/kushion/Documents/OpenMantaClaus/install/interfaces/share/interfaces/cmake/interfaces__rosidl_typesupport_cExport-noconfig.cmake\n'}
[7.841283] (interfaces) StdoutLine: {'line': b'-- Installing: /home/kushion/Documents/OpenMantaClaus/install/interfaces/share/interfaces/cmake/export_interfaces__rosidl_generator_cppExport.cmake\n'}
[7.841449] (interfaces) StdoutLine: {'line': b'-- Installing: /home/kushion/Documents/OpenMantaClaus/install/interfaces/share/interfaces/cmake/export_interfaces__rosidl_typesupport_fastrtps_cppExport.cmake\n'}
[7.841609] (interfaces) StdoutLine: {'line': b'-- Installing: /home/kushion/Documents/OpenMantaClaus/install/interfaces/share/interfaces/cmake/export_interfaces__rosidl_typesupport_fastrtps_cppExport-noconfig.cmake\n'}
[7.841794] (interfaces) StdoutLine: {'line': b'-- Installing: /home/kushion/Documents/OpenMantaClaus/install/interfaces/share/interfaces/cmake/interfaces__rosidl_typesupport_introspection_cppExport.cmake\n'}
[7.841952] (interfaces) StdoutLine: {'line': b'-- Installing: /home/kushion/Documents/OpenMantaClaus/install/interfaces/share/interfaces/cmake/interfaces__rosidl_typesupport_introspection_cppExport-noconfig.cmake\n'}
[7.842120] (interfaces) StdoutLine: {'line': b'-- Installing: /home/kushion/Documents/OpenMantaClaus/install/interfaces/share/interfaces/cmake/interfaces__rosidl_typesupport_cppExport.cmake\n'}
[7.842275] (interfaces) StdoutLine: {'line': b'-- Installing: /home/kushion/Documents/OpenMantaClaus/install/interfaces/share/interfaces/cmake/interfaces__rosidl_typesupport_cppExport-noconfig.cmake\n'}
[7.842441] (interfaces) StdoutLine: {'line': b'-- Installing: /home/kushion/Documents/OpenMantaClaus/install/interfaces/share/interfaces/cmake/export_interfaces__rosidl_generator_pyExport.cmake\n'}
[7.842597] (interfaces) StdoutLine: {'line': b'-- Installing: /home/kushion/Documents/OpenMantaClaus/install/interfaces/share/interfaces/cmake/export_interfaces__rosidl_generator_pyExport-noconfig.cmake\n'}
[7.842802] (interfaces) StdoutLine: {'line': b'-- Installing: /home/kushion/Documents/OpenMantaClaus/install/interfaces/share/interfaces/cmake/rosidl_cmake-extras.cmake\n'}
[7.842916] (interfaces) StdoutLine: {'line': b'-- Installing: /home/kushion/Documents/OpenMantaClaus/install/interfaces/share/interfaces/cmake/ament_cmake_export_dependencies-extras.cmake\n'}
[7.843068] (interfaces) StdoutLine: {'line': b'-- Installing: /home/kushion/Documents/OpenMantaClaus/install/interfaces/share/interfaces/cmake/ament_cmake_export_include_directories-extras.cmake\n'}
[7.843229] (interfaces) StdoutLine: {'line': b'-- Installing: /home/kushion/Documents/OpenMantaClaus/install/interfaces/share/interfaces/cmake/ament_cmake_export_libraries-extras.cmake\n'}
[7.843396] (interfaces) StdoutLine: {'line': b'-- Installing: /home/kushion/Documents/OpenMantaClaus/install/interfaces/share/interfaces/cmake/ament_cmake_export_targets-extras.cmake\n'}
[7.843548] (interfaces) StdoutLine: {'line': b'-- Installing: /home/kushion/Documents/OpenMantaClaus/install/interfaces/share/interfaces/cmake/rosidl_cmake_export_typesupport_targets-extras.cmake\n'}
[7.843714] (interfaces) StdoutLine: {'line': b'-- Installing: /home/kushion/Documents/OpenMantaClaus/install/interfaces/share/interfaces/cmake/rosidl_cmake_export_typesupport_libraries-extras.cmake\n'}
[7.843884] (interfaces) StdoutLine: {'line': b'-- Installing: /home/kushion/Documents/OpenMantaClaus/install/interfaces/share/interfaces/cmake/interfacesConfig.cmake\n'}
[7.844003] (interfaces) StdoutLine: {'line': b'-- Installing: /home/kushion/Documents/OpenMantaClaus/install/interfaces/share/interfaces/cmake/interfacesConfig-version.cmake\n'}
[7.844144] (interfaces) StdoutLine: {'line': b'-- Installing: /home/kushion/Documents/OpenMantaClaus/install/interfaces/share/interfaces/package.xml\n'}
[7.847919] (interfaces) CommandEnded: {'returncode': 0}
[7.887048] (interfaces) JobEnded: {'identifier': 'interfaces', 'rc': 0}
[7.888375] (ekfslam) JobStarted: {'identifier': 'ekfslam'}
[7.902136] (ekfslam) JobProgress: {'identifier': 'ekfslam', 'progress': 'cmake'}
[7.902723] (ekfslam) Command: {'cmd': ['/usr/bin/cmake', '/home/kushion/Documents/OpenMantaClaus/src/ekfslam', '-DCMAKE_INSTALL_PREFIX=/home/kushion/Documents/OpenMantaClaus/install/ekfslam'], 'cwd': '/home/kushion/Documents/OpenMantaClaus/build/ekfslam', 'env': OrderedDict([('GJS_DEBUG_TOPICS', 'JS ERROR;JS LOG'), ('PYTHON_BASIC_REPL', '1'), ('LESSOPEN', '| /usr/bin/lesspipe %s'), ('GZ_SIM_RESOURCE_PATH', ':/home/kushion/Documents/robocup_work/src/robot_description/model:/home/kushion/Documents/robocup_work/src/robot_description/model'), ('LANGUAGE', 'en_AU:en'), ('USER', 'kushion'), ('FONTCONFIG_PATH', '/etc/fonts'), ('GZ_CONFIG_PATH', '/usr/share/gz'), ('GIT_EDITOR', ':'), ('GIO_MODULE_DIR', '/home/kushion/snap/code/common/.cache/gio-modules'), ('XDG_SESSION_TYPE', 'wayland'), ('GIT_ASKPASS', '/snap/code/235/usr/share/code/resources/app/extensions/git/dist/askpass.sh'), ('GTK_EXE_PREFIX_VSCODE_SNAP_ORIG', ''), ('GDK_BACKEND_VSCODE_SNAP_ORIG', ''), ('SHLVL', '1'), ('LD_LIBRARY_PATH', '/home/kushion/Documents/OpenMantaClaus/install/interfaces/lib:/home/kushion/Desktop/piles/pile_detection/IsaacSim-ros_workspaces/humble_ws/install/isaac_ros2_messages/lib:/home/kushion/Desktop/piles/pile_detection/IsaacSim-ros_workspaces/humble_ws/install/custom_message/lib:/opt/ros/humble/opt/rviz_ogre_vendor/lib:/opt/ros/humble/lib/x86_64-linux-gnu:/opt/ros/humble/lib:/home/kushion/Documents/acados/lib:/home/kushion/Documents/robocup_work/c_generated_code:/home/kushion/Documents/acados/lib:/home/kushion/Documents/robocup_work/c_generated_code'), ('ACADOS_SOURCE_DIR', '/home/kushion/Documents/acados'), ('HOME', '/home/kushion'), ('CHROME_DESKTOP', 'code.desktop'), ('LOCPATH_VSCODE_SNAP_ORIG', ''), ('TERM_PROGRAM_VERSION', '1.117.0'), ('DESKTOP_SESSION', 'ubuntu'), ('GTK_PATH', '/snap/code/235/usr/lib/x86_64-linux-gnu/gtk-3.0'), ('XDG_DATA_HOME_VSCODE_SNAP_ORIG', ''), ('GTK_IM_MODULE_FILE', '/home/kushion/snap/code/common/.cache/immodules/immodules.cache'), ('GIO_LAUNCHED_DESKTOP_FILE', '/var/lib/snapd/desktop/applications/code_code.desktop'), ('ROS_PYTHON_VERSION', '3'), ('GNOME_SHELL_SESSION_MODE', 'ubuntu'), ('GTK_MODULES', 'gail:atk-bridge'), ('GSETTINGS_SCHEMA_DIR_VSCODE_SNAP_ORIG', ''), ('VSCODE_GIT_ASKPASS_MAIN', '/snap/code/235/usr/share/code/resources/app/extensions/git/dist/askpass-main.js'), ('VSCODE_GIT_ASKPASS_NODE', '/snap/code/235/usr/share/code/code'), ('MANAGERPID', '1230'), ('PYDEVD_DISABLE_FILE_VALIDATION', '1'), ('SYSTEMD_EXEC_PID', '1528'), ('BUNDLED_DEBUGPY_PATH', '/home/kushion/.vscode/extensions/ms-python.debugpy-2026.6.0-linux-x64/bundled/libs/debugpy'), ('IM_CONFIG_CHECK_ENV', '1'), ('VSCODE_PYTHON_AUTOACTIVATE_GUARD', '1'), ('DBUS_SESSION_BUS_ADDRESS', 'unix:path=/run/user/1000/bus'), ('COLORTERM', 'truecolor'), ('GIO_LAUNCHED_DESKTOP_FILE_PID', '494115'), ('IM_CONFIG_PHASE', '1'), ('WAYLAND_DISPLAY', 'wayland-0'), ('COLCON_PREFIX_PATH', '/home/kushion/Desktop/piles/pile_detection/IsaacSim-ros_workspaces/humble_ws/install'), ('ROS_DISTRO', 'humble'), ('LOGNAME', 'kushion'), ('JOURNAL_STREAM', '8:26819'), ('_', '/usr/bin/colcon'), ('ROS_VERSION', '2'), ('XDG_CONFIG_DIRS_VSCODE_SNAP_ORIG', '/etc/xdg/xdg-ubuntu:/etc/xdg'), ('XDG_SESSION_CLASS', 'user'), ('XDG_DATA_DIRS_VSCODE_SNAP_ORIG', '/usr/share/ubuntu:/usr/local/share/:/usr/share/:/var/lib/snapd/desktop'), ('USERNAME', 'kushion'), ('TERM', 'xterm-256color'), ('GNOME_DESKTOP_SESSION_ID', 'this-is-deprecated'), ('FC_FONTATIONS', '1'), ('ROS_LOCALHOST_ONLY', '0'), ('HISTCONTROL', 'ignorespace'), ('PATH', '/home/kushion/.config/Code/User/globalStorage/github.copilot-chat/debugCommand:/home/kushion/.config/Code/User/globalStorage/github.copilot-chat/copilotCli:/home/kushion/Documents/ardupilot/Tools/autotest:/usr/lib/ccache:/home/kushion/Desktop/SAUVC/ardupilot/Tools/autotest:/opt/gcc-arm-none-eabi-10-2020-q4-major/bin:/home/kushion/.local/bin:/opt/ros/humble/bin:/home/kushion/Documents/ardupilot/Tools/autotest:/usr/lib/ccache:/home/kushion/Desktop/SAUVC/ardupilot/Tools/autotest:/opt/gcc-arm-none-eabi-10-2020-q4-major/bin:/home/kushion/.local/bin:/usr/local/sbin:/usr/local/bin:/usr/sbin:/usr/bin:/sbin:/bin:/usr/games:/usr/local/games:/snap/bin:/snap/bin:/home/kushion/.vscode/extensions/ms-python.debugpy-2026.6.0-linux-x64/bundled/scripts/noConfigScripts'), ('SESSION_MANAGER', 'local/kushion-Inspiron-16-Plus-7640:@/tmp/.ICE-unix/1502,unix/kushion-Inspiron-16-Plus-7640:/tmp/.ICE-unix/1502'), ('GTK_EXE_PREFIX', '/snap/code/235/usr'), ('INVOCATION_ID', '6961dd283a234b75911ffe506126379d'), ('XDG_MENU_PREFIX', 'gnome-'), ('GNOME_SETUP_DISPLAY', ':1'), ('XDG_RUNTIME_DIR', '/run/user/1000'), ('GDK_BACKEND', 'x11'), ('DISPLAY', ':0'), ('LOCPATH', '/snap/code/235/usr/lib/locale'), ('VSCODE_DEBUGPY_ADAPTER_ENDPOINTS', '/home/kushion/.vscode/extensions/ms-python.debugpy-2026.6.0-linux-x64/.noConfigDebugAdapterEndpoints/endpoint-3c455a856550ef91.txt'), ('LANG', 'en_US.UTF-8'), ('XDG_CURRENT_DESKTOP', 'ubuntu:GNOME'), ('PYTHONSTARTUP', '/home/kushion/.config/Code/User/workspaceStorage/7c773a938c815b93dd5471a2c4c26d0a/ms-python.python/pythonrc.py'), ('GIO_MODULE_DIR_VSCODE_SNAP_ORIG', ''), ('XDG_DATA_HOME', '/home/kushion/snap/code/235/.local/share'), ('XMODIFIERS', '@im=ibus'), ('XDG_SESSION_DESKTOP', 'ubuntu'), ('XAUTHORITY', '/run/user/1000/.mutter-Xwaylandauth.0P72Q3'), ('LS_COLORS', 'rs=0:di=01;34:ln=01;36:mh=00:pi=40;33:so=01;35:do=01;35:bd=40;33;01:cd=40;33;01:or=40;31;01:mi=00:su=37;41:sg=30;43:ca=30;41:tw=30;42:ow=34;42:st=37;44:ex=01;32:*.tar=01;31:*.tgz=01;31:*.arc=01;31:*.arj=01;31:*.taz=01;31:*.lha=01;31:*.lz4=01;31:*.lzh=01;31:*.lzma=01;31:*.tlz=01;31:*.txz=01;31:*.tzo=01;31:*.t7z=01;31:*.zip=01;31:*.z=01;31:*.dz=01;31:*.gz=01;31:*.lrz=01;31:*.lz=01;31:*.lzo=01;31:*.xz=01;31:*.zst=01;31:*.tzst=01;31:*.bz2=01;31:*.bz=01;31:*.tbz=01;31:*.tbz2=01;31:*.tz=01;31:*.deb=01;31:*.rpm=01;31:*.jar=01;31:*.war=01;31:*.ear=01;31:*.sar=01;31:*.rar=01;31:*.alz=01;31:*.ace=01;31:*.zoo=01;31:*.cpio=01;31:*.7z=01;31:*.rz=01;31:*.cab=01;31:*.wim=01;31:*.swm=01;31:*.dwm=01;31:*.esd=01;31:*.jpg=01;35:*.jpeg=01;35:*.mjpg=01;35:*.mjpeg=01;35:*.gif=01;35:*.bmp=01;35:*.pbm=01;35:*.pgm=01;35:*.ppm=01;35:*.tga=01;35:*.xbm=01;35:*.xpm=01;35:*.tif=01;35:*.tiff=01;35:*.png=01;35:*.svg=01;35:*.svgz=01;35:*.mng=01;35:*.pcx=01;35:*.mov=01;35:*.mpg=01;35:*.mpeg=01;35:*.m2v=01;35:*.mkv=01;35:*.webm=01;35:*.webp=01;35:*.ogm=01;35:*.mp4=01;35:*.m4v=01;35:*.mp4v=01;35:*.vob=01;35:*.qt=01;35:*.nuv=01;35:*.wmv=01;35:*.asf=01;35:*.rm=01;35:*.rmvb=01;35:*.flc=01;35:*.avi=01;35:*.fli=01;35:*.flv=01;35:*.gl=01;35:*.dl=01;35:*.xcf=01;35:*.xwd=01;35:*.yuv=01;35:*.cgm=01;35:*.emf=01;35:*.ogv=01;35:*.ogx=01;35:*.aac=00;36:*.au=00;36:*.flac=00;36:*.m4a=00;36:*.mid=00;36:*.midi=00;36:*.mka=00;36:*.mp3=00;36:*.mpc=00;36:*.ogg=00;36:*.ra=00;36:*.wav=00;36:*.oga=00;36:*.opus=00;36:*.spx=00;36:*.xspf=00;36:'), ('VSCODE_GIT_IPC_HANDLE', '/run/user/1000/vscode-git-6cdf9cd762.sock'), ('TERM_PROGRAM', 'vscode'), ('SSH_AGENT_LAUNCHER', 'gnome-keyring'), ('SSH_AUTH_SOCK', '/run/user/1000/keyring/ssh'), ('GSETTINGS_SCHEMA_DIR', '/home/kushion/snap/code/235/.local/share/glib-2.0/schemas'), ('ROS_DOMAIN_ID', '0'), ('AMENT_PREFIX_PATH', '/home/kushion/Documents/OpenMantaClaus/install/interfaces:/home/kushion/Desktop/piles/pile_detection/IsaacSim-ros_workspaces/humble_ws/install/iw_hub_navigation:/home/kushion/Desktop/piles/pile_detection/IsaacSim-ros_workspaces/humble_ws/install/isaacsim:/home/kushion/Desktop/piles/pile_detection/IsaacSim-ros_workspaces/humble_ws/install/isaac_tutorials:/home/kushion/Desktop/piles/pile_detection/IsaacSim-ros_workspaces/humble_ws/install/isaac_ros_navigation_goal:/home/kushion/Desktop/piles/pile_detection/IsaacSim-ros_workspaces/humble_ws/install/isaac_ros2_messages:/home/kushion/Desktop/piles/pile_detection/IsaacSim-ros_workspaces/humble_ws/install/isaac_moveit:/home/kushion/Desktop/piles/pile_detection/IsaacSim-ros_workspaces/humble_ws/install/h1_fullbody_controller:/home/kushion/Desktop/piles/pile_detection/IsaacSim-ros_workspaces/humble_ws/install/custom_message:/home/kushion/Desktop/piles/pile_detection/IsaacSim-ros_workspaces/humble_ws/install/cmdvel_to_ackermann:/home/kushion/Desktop/piles/pile_detection/IsaacSim-ros_workspaces/humble_ws/install/carter_navigation:/opt/ros/humble'), ('SHELL', '/bin/bash'), ('QT_ACCESSIBILITY', '1'), ('GDMSESSION', 'ubuntu'), ('LESSCLOSE', '/usr/bin/lesspipe %s %s'), ('GTK_PATH_VSCODE_SNAP_ORIG', ''), ('FONTCONFIG_FILE', '/etc/fonts/fonts.conf'), ('GTK_IM_MODULE_FILE_VSCODE_SNAP_ORIG', ''), ('GJS_DEBUG_OUTPUT', 'stderr'), ('GZ_VERSION', 'harmonic'), ('VSCODE_GIT_ASKPASS_EXTRA_ARGS', ''), ('GIT_PAGER', 'cat'), ('QT_IM_MODULE', 'ibus'), ('PWD', '/home/kushion/Documents/OpenMantaClaus/build/ekfslam'), ('GIT_MERGE_AUTOEDIT', 'no'), ('GZ_TRANSPORT_USE_SHARED_MEMORY', '0'), ('LC_ALL', 'en_US.UTF-8'), ('XDG_CONFIG_DIRS', '/etc/xdg/xdg-ubuntu:/etc/xdg'), ('XDG_DATA_DIRS', '/home/kushion/snap/code/235/.local/share:/home/kushion/snap/code/235:/snap/code/235/usr/share:/usr/share/ubuntu:/usr/local/share/:/usr/share/:/var/lib/snapd/desktop'), ('PYTHONPATH', '/home/kushion/Documents/OpenMantaClaus/install/interfaces/local/lib/python3.10/dist-packages:/home/kushion/Desktop/piles/pile_detection/IsaacSim-ros_workspaces/humble_ws/install/isaac_ros_navigation_goal/lib/python3.10/site-packages:/home/kushion/Desktop/piles/pile_detection/IsaacSim-ros_workspaces/humble_ws/install/isaac_ros2_messages/local/lib/python3.10/dist-packages:/home/kushion/Desktop/piles/pile_detection/IsaacSim-ros_workspaces/humble_ws/install/custom_message/local/lib/python3.10/dist-packages:/opt/ros/humble/lib/python3.10/site-packages:/opt/ros/humble/local/lib/python3.10/dist-packages'), ('COLCON', '1'), ('CMAKE_PREFIX_PATH', '/home/kushion/Documents/OpenMantaClaus/install/interfaces:/home/kushion/Desktop/piles/pile_detection/IsaacSim-ros_workspaces/humble_ws/install/iw_hub_navigation:/home/kushion/Desktop/piles/pile_detection/IsaacSim-ros_workspaces/humble_ws/install/isaacsim:/home/kushion/Desktop/piles/pile_detection/IsaacSim-ros_workspaces/humble_ws/install/isaac_tutorials:/home/kushion/Desktop/piles/pile_detection/IsaacSim-ros_workspaces/humble_ws/install/isaac_ros2_messages:/home/kushion/Desktop/piles/pile_detection/IsaacSim-ros_workspaces/humble_ws/install/isaac_moveit:/home/kushion/Desktop/piles/pile_detection/IsaacSim-ros_workspaces/humble_ws/install/h1_fullbody_controller:/home/kushion/Desktop/piles/pile_detection/IsaacSim-ros_workspaces/humble_ws/install/custom_message:/home/kushion/Desktop/piles/pile_detection/IsaacSim-ros_workspaces/humble_ws/install/cmdvel_to_ackermann:/home/kushion/Desktop/piles/pile_detection/IsaacSim-ros_workspaces/humble_ws/install/carter_navigation:/home/kushion/Desktop/piles/pile_detection/IsaacSim-ros_workspaces/humble_ws/install/isaac_ros_navigation_goal:/opt/ros/humble')]), 'shell': False}
[7.928163] (-) TimerEvent: {}
[7.994057] (ekfslam) StdoutLine: {'line': b'-- The C compiler identification is GNU 11.4.0\n'}
[8.028357] (-) TimerEvent: {}
[8.080191] (ekfslam) StdoutLine: {'line': b'-- The CXX compiler identification is GNU 11.4.0\n'}
[8.094165] (ekfslam) StdoutLine: {'line': b'-- Detecting C compiler ABI info\n'}
[8.128525] (-) TimerEvent: {}
[8.177225] (ekfslam) StdoutLine: {'line': b'-- Detecting C compiler ABI info - done\n'}
[8.186993] (ekfslam) StdoutLine: {'line': b'-- Check for working C compiler: /usr/lib/ccache/cc - skipped\n'}
[8.187389] (ekfslam) StdoutLine: {'line': b'-- Detecting C compile features\n'}
[8.187767] (ekfslam) StdoutLine: {'line': b'-- Detecting C compile features - done\n'}
[8.191738] (ekfslam) StdoutLine: {'line': b'-- Detecting CXX compiler ABI info\n'}
[8.228688] (-) TimerEvent: {}
[8.290093] (ekfslam) StdoutLine: {'line': b'-- Detecting CXX compiler ABI info - done\n'}
[8.300979] (ekfslam) StdoutLine: {'line': b'-- Check for working CXX compiler: /usr/lib/ccache/c++ - skipped\n'}
[8.301314] (ekfslam) StdoutLine: {'line': b'-- Detecting CXX compile features\n'}
[8.302030] (ekfslam) StdoutLine: {'line': b'-- Detecting CXX compile features - done\n'}
[8.307158] (ekfslam) StdoutLine: {'line': b'-- Found ament_cmake: 1.3.12 (/opt/ros/humble/share/ament_cmake/cmake)\n'}
[8.328745] (-) TimerEvent: {}
[8.429125] (-) TimerEvent: {}
[8.529663] (-) TimerEvent: {}
[8.630266] (-) TimerEvent: {}
[8.730825] (-) TimerEvent: {}
[8.812932] (ekfslam) StdoutLine: {'line': b'-- Found Python3: /usr/bin/python3 (found version "3.10.12") found components: Interpreter \n'}
[8.830940] (-) TimerEvent: {}
[8.931431] (-) TimerEvent: {}
[8.974702] (ekfslam) StdoutLine: {'line': b'-- Found rclcpp: 16.0.17 (/opt/ros/humble/share/rclcpp/cmake)\n'}
[9.031600] (-) TimerEvent: {}
[9.049816] (ekfslam) StdoutLine: {'line': b'-- Found rosidl_generator_c: 3.1.8 (/opt/ros/humble/share/rosidl_generator_c/cmake)\n'}
[9.057233] (ekfslam) StdoutLine: {'line': b'-- Found rosidl_adapter: 3.1.8 (/opt/ros/humble/share/rosidl_adapter/cmake)\n'}
[9.068639] (ekfslam) StdoutLine: {'line': b'-- Found rosidl_generator_cpp: 3.1.8 (/opt/ros/humble/share/rosidl_generator_cpp/cmake)\n'}
[9.084119] (ekfslam) StdoutLine: {'line': b'-- Using all available rosidl_typesupport_c: rosidl_typesupport_fastrtps_c;rosidl_typesupport_introspection_c\n'}
[9.104414] (ekfslam) StdoutLine: {'line': b'-- Using all available rosidl_typesupport_cpp: rosidl_typesupport_fastrtps_cpp;rosidl_typesupport_introspection_cpp\n'}
[9.131798] (-) TimerEvent: {}
[9.188256] (ekfslam) StdoutLine: {'line': b'-- Found rmw_implementation_cmake: 6.1.2 (/opt/ros/humble/share/rmw_implementation_cmake/cmake)\n'}
[9.193508] (ekfslam) StdoutLine: {'line': b'-- Found rmw_fastrtps_cpp: 6.2.9 (/opt/ros/humble/share/rmw_fastrtps_cpp/cmake)\n'}
[9.231917] (-) TimerEvent: {}
[9.332373] (-) TimerEvent: {}
[9.341204] (ekfslam) StdoutLine: {'line': b'-- Found OpenSSL: /usr/lib/x86_64-linux-gnu/libcrypto.so (found version "3.0.2")  \n'}
[9.389955] (ekfslam) StdoutLine: {'line': b'-- Found FastRTPS: /opt/ros/humble/include  \n'}
[9.432524] (-) TimerEvent: {}
[9.458053] (ekfslam) StdoutLine: {'line': b"-- Using RMW implementation 'rmw_fastrtps_cpp' as default\n"}
[9.483451] (ekfslam) StdoutLine: {'line': b'-- Looking for pthread.h\n'}
[9.532708] (-) TimerEvent: {}
[9.620785] (ekfslam) StdoutLine: {'line': b'-- Looking for pthread.h - found\n'}
[9.621322] (ekfslam) StdoutLine: {'line': b'-- Performing Test CMAKE_HAVE_LIBC_PTHREAD\n'}
[9.632822] (-) TimerEvent: {}
[9.733255] (-) TimerEvent: {}
[9.752301] (ekfslam) StdoutLine: {'line': b'-- Performing Test CMAKE_HAVE_LIBC_PTHREAD - Success\n'}
[9.754044] (ekfslam) StdoutLine: {'line': b'-- Found Threads: TRUE  \n'}
[9.833405] (-) TimerEvent: {}
[9.852069] (ekfslam) StdoutLine: {'line': b'-- Found geometry_msgs: 4.9.0 (/opt/ros/humble/share/geometry_msgs/cmake)\n'}
[9.875046] (ekfslam) StdoutLine: {'line': b'-- Found mavros_msgs: 2.14.0 (/opt/ros/humble/share/mavros_msgs/cmake)\n'}
[9.933529] (-) TimerEvent: {}
[10.014820] (ekfslam) StdoutLine: {'line': b'-- Found tf2: 0.25.18 (/opt/ros/humble/share/tf2/cmake)\n'}
[10.033716] (-) TimerEvent: {}
[10.035325] (ekfslam) StdoutLine: {'line': b'-- Found tf2_ros: 0.25.18 (/opt/ros/humble/share/tf2_ros/cmake)\n'}
[10.133905] (-) TimerEvent: {}
[10.200076] (ekfslam) StdoutLine: {'line': b'-- Found interfaces: 0.0.0 (/home/kushion/Documents/OpenMantaClaus/install/interfaces/share/interfaces/cmake)\n'}
[10.232975] (ekfslam) StdoutLine: {'line': b'-- Found tf2_geometry_msgs: 0.25.18 (/opt/ros/humble/share/tf2_geometry_msgs/cmake)\n'}
[10.233979] (-) TimerEvent: {}
[10.250279] (ekfslam) StdoutLine: {'line': b'-- Found eigen3_cmake_module: 0.1.1 (/opt/ros/humble/share/eigen3_cmake_module/cmake)\n'}
[10.252274] (ekfslam) StdoutLine: {'line': b'-- Found Eigen3: TRUE (found version "3.4.0") \n'}
[10.252407] (ekfslam) StdoutLine: {'line': b'-- Ensuring Eigen3 include directory is part of orocos-kdl CMake target\n'}
[10.257652] (ekfslam) StdoutLine: {'line': b'-- Found std_srvs: 4.9.0 (/opt/ros/humble/share/std_srvs/cmake)\n'}
[10.334170] (-) TimerEvent: {}
[10.394391] (ekfslam) StdoutLine: {'line': b'-- Configuring done\n'}
[10.421884] (ekfslam) StdoutLine: {'line': b'-- Generating done\n'}
[10.428118] (ekfslam) StdoutLine: {'line': b'-- Build files have been written to: /home/kushion/Documents/OpenMantaClaus/build/ekfslam\n'}
[10.434257] (-) TimerEvent: {}
[10.446514] (ekfslam) CommandEnded: {'returncode': 0}
[10.447839] (ekfslam) JobProgress: {'identifier': 'ekfslam', 'progress': 'build'}
[10.448251] (ekfslam) Command: {'cmd': ['/usr/bin/cmake', '--build', '/home/kushion/Documents/OpenMantaClaus/build/ekfslam', '--', '-j22', '-l22'], 'cwd': '/home/kushion/Documents/OpenMantaClaus/build/ekfslam', 'env': OrderedDict([('GJS_DEBUG_TOPICS', 'JS ERROR;JS LOG'), ('PYTHON_BASIC_REPL', '1'), ('LESSOPEN', '| /usr/bin/lesspipe %s'), ('GZ_SIM_RESOURCE_PATH', ':/home/kushion/Documents/robocup_work/src/robot_description/model:/home/kushion/Documents/robocup_work/src/robot_description/model'), ('LANGUAGE', 'en_AU:en'), ('USER', 'kushion'), ('FONTCONFIG_PATH', '/etc/fonts'), ('GZ_CONFIG_PATH', '/usr/share/gz'), ('GIT_EDITOR', ':'), ('GIO_MODULE_DIR', '/home/kushion/snap/code/common/.cache/gio-modules'), ('XDG_SESSION_TYPE', 'wayland'), ('GIT_ASKPASS', '/snap/code/235/usr/share/code/resources/app/extensions/git/dist/askpass.sh'), ('GTK_EXE_PREFIX_VSCODE_SNAP_ORIG', ''), ('GDK_BACKEND_VSCODE_SNAP_ORIG', ''), ('SHLVL', '1'), ('LD_LIBRARY_PATH', '/home/kushion/Documents/OpenMantaClaus/install/interfaces/lib:/home/kushion/Desktop/piles/pile_detection/IsaacSim-ros_workspaces/humble_ws/install/isaac_ros2_messages/lib:/home/kushion/Desktop/piles/pile_detection/IsaacSim-ros_workspaces/humble_ws/install/custom_message/lib:/opt/ros/humble/opt/rviz_ogre_vendor/lib:/opt/ros/humble/lib/x86_64-linux-gnu:/opt/ros/humble/lib:/home/kushion/Documents/acados/lib:/home/kushion/Documents/robocup_work/c_generated_code:/home/kushion/Documents/acados/lib:/home/kushion/Documents/robocup_work/c_generated_code'), ('ACADOS_SOURCE_DIR', '/home/kushion/Documents/acados'), ('HOME', '/home/kushion'), ('CHROME_DESKTOP', 'code.desktop'), ('LOCPATH_VSCODE_SNAP_ORIG', ''), ('TERM_PROGRAM_VERSION', '1.117.0'), ('DESKTOP_SESSION', 'ubuntu'), ('GTK_PATH', '/snap/code/235/usr/lib/x86_64-linux-gnu/gtk-3.0'), ('XDG_DATA_HOME_VSCODE_SNAP_ORIG', ''), ('GTK_IM_MODULE_FILE', '/home/kushion/snap/code/common/.cache/immodules/immodules.cache'), ('GIO_LAUNCHED_DESKTOP_FILE', '/var/lib/snapd/desktop/applications/code_code.desktop'), ('ROS_PYTHON_VERSION', '3'), ('GNOME_SHELL_SESSION_MODE', 'ubuntu'), ('GTK_MODULES', 'gail:atk-bridge'), ('GSETTINGS_SCHEMA_DIR_VSCODE_SNAP_ORIG', ''), ('VSCODE_GIT_ASKPASS_MAIN', '/snap/code/235/usr/share/code/resources/app/extensions/git/dist/askpass-main.js'), ('VSCODE_GIT_ASKPASS_NODE', '/snap/code/235/usr/share/code/code'), ('MANAGERPID', '1230'), ('PYDEVD_DISABLE_FILE_VALIDATION', '1'), ('SYSTEMD_EXEC_PID', '1528'), ('BUNDLED_DEBUGPY_PATH', '/home/kushion/.vscode/extensions/ms-python.debugpy-2026.6.0-linux-x64/bundled/libs/debugpy'), ('IM_CONFIG_CHECK_ENV', '1'), ('VSCODE_PYTHON_AUTOACTIVATE_GUARD', '1'), ('DBUS_SESSION_BUS_ADDRESS', 'unix:path=/run/user/1000/bus'), ('COLORTERM', 'truecolor'), ('GIO_LAUNCHED_DESKTOP_FILE_PID', '494115'), ('IM_CONFIG_PHASE', '1'), ('WAYLAND_DISPLAY', 'wayland-0'), ('COLCON_PREFIX_PATH', '/home/kushion/Desktop/piles/pile_detection/IsaacSim-ros_workspaces/humble_ws/install'), ('ROS_DISTRO', 'humble'), ('LOGNAME', 'kushion'), ('JOURNAL_STREAM', '8:26819'), ('_', '/usr/bin/colcon'), ('ROS_VERSION', '2'), ('XDG_CONFIG_DIRS_VSCODE_SNAP_ORIG', '/etc/xdg/xdg-ubuntu:/etc/xdg'), ('XDG_SESSION_CLASS', 'user'), ('XDG_DATA_DIRS_VSCODE_SNAP_ORIG', '/usr/share/ubuntu:/usr/local/share/:/usr/share/:/var/lib/snapd/desktop'), ('USERNAME', 'kushion'), ('TERM', 'xterm-256color'), ('GNOME_DESKTOP_SESSION_ID', 'this-is-deprecated'), ('FC_FONTATIONS', '1'), ('ROS_LOCALHOST_ONLY', '0'), ('HISTCONTROL', 'ignorespace'), ('PATH', '/home/kushion/.config/Code/User/globalStorage/github.copilot-chat/debugCommand:/home/kushion/.config/Code/User/globalStorage/github.copilot-chat/copilotCli:/home/kushion/Documents/ardupilot/Tools/autotest:/usr/lib/ccache:/home/kushion/Desktop/SAUVC/ardupilot/Tools/autotest:/opt/gcc-arm-none-eabi-10-2020-q4-major/bin:/home/kushion/.local/bin:/opt/ros/humble/bin:/home/kushion/Documents/ardupilot/Tools/autotest:/usr/lib/ccache:/home/kushion/Desktop/SAUVC/ardupilot/Tools/autotest:/opt/gcc-arm-none-eabi-10-2020-q4-major/bin:/home/kushion/.local/bin:/usr/local/sbin:/usr/local/bin:/usr/sbin:/usr/bin:/sbin:/bin:/usr/games:/usr/local/games:/snap/bin:/snap/bin:/home/kushion/.vscode/extensions/ms-python.debugpy-2026.6.0-linux-x64/bundled/scripts/noConfigScripts'), ('SESSION_MANAGER', 'local/kushion-Inspiron-16-Plus-7640:@/tmp/.ICE-unix/1502,unix/kushion-Inspiron-16-Plus-7640:/tmp/.ICE-unix/1502'), ('GTK_EXE_PREFIX', '/snap/code/235/usr'), ('INVOCATION_ID', '6961dd283a234b75911ffe506126379d'), ('XDG_MENU_PREFIX', 'gnome-'), ('GNOME_SETUP_DISPLAY', ':1'), ('XDG_RUNTIME_DIR', '/run/user/1000'), ('GDK_BACKEND', 'x11'), ('DISPLAY', ':0'), ('LOCPATH', '/snap/code/235/usr/lib/locale'), ('VSCODE_DEBUGPY_ADAPTER_ENDPOINTS', '/home/kushion/.vscode/extensions/ms-python.debugpy-2026.6.0-linux-x64/.noConfigDebugAdapterEndpoints/endpoint-3c455a856550ef91.txt'), ('LANG', 'en_US.UTF-8'), ('XDG_CURRENT_DESKTOP', 'ubuntu:GNOME'), ('PYTHONSTARTUP', '/home/kushion/.config/Code/User/workspaceStorage/7c773a938c815b93dd5471a2c4c26d0a/ms-python.python/pythonrc.py'), ('GIO_MODULE_DIR_VSCODE_SNAP_ORIG', ''), ('XDG_DATA_HOME', '/home/kushion/snap/code/235/.local/share'), ('XMODIFIERS', '@im=ibus'), ('XDG_SESSION_DESKTOP', 'ubuntu'), ('XAUTHORITY', '/run/user/1000/.mutter-Xwaylandauth.0P72Q3'), ('LS_COLORS', 'rs=0:di=01;34:ln=01;36:mh=00:pi=40;33:so=01;35:do=01;35:bd=40;33;01:cd=40;33;01:or=40;31;01:mi=00:su=37;41:sg=30;43:ca=30;41:tw=30;42:ow=34;42:st=37;44:ex=01;32:*.tar=01;31:*.tgz=01;31:*.arc=01;31:*.arj=01;31:*.taz=01;31:*.lha=01;31:*.lz4=01;31:*.lzh=01;31:*.lzma=01;31:*.tlz=01;31:*.txz=01;31:*.tzo=01;31:*.t7z=01;31:*.zip=01;31:*.z=01;31:*.dz=01;31:*.gz=01;31:*.lrz=01;31:*.lz=01;31:*.lzo=01;31:*.xz=01;31:*.zst=01;31:*.tzst=01;31:*.bz2=01;31:*.bz=01;31:*.tbz=01;31:*.tbz2=01;31:*.tz=01;31:*.deb=01;31:*.rpm=01;31:*.jar=01;31:*.war=01;31:*.ear=01;31:*.sar=01;31:*.rar=01;31:*.alz=01;31:*.ace=01;31:*.zoo=01;31:*.cpio=01;31:*.7z=01;31:*.rz=01;31:*.cab=01;31:*.wim=01;31:*.swm=01;31:*.dwm=01;31:*.esd=01;31:*.jpg=01;35:*.jpeg=01;35:*.mjpg=01;35:*.mjpeg=01;35:*.gif=01;35:*.bmp=01;35:*.pbm=01;35:*.pgm=01;35:*.ppm=01;35:*.tga=01;35:*.xbm=01;35:*.xpm=01;35:*.tif=01;35:*.tiff=01;35:*.png=01;35:*.svg=01;35:*.svgz=01;35:*.mng=01;35:*.pcx=01;35:*.mov=01;35:*.mpg=01;35:*.mpeg=01;35:*.m2v=01;35:*.mkv=01;35:*.webm=01;35:*.webp=01;35:*.ogm=01;35:*.mp4=01;35:*.m4v=01;35:*.mp4v=01;35:*.vob=01;35:*.qt=01;35:*.nuv=01;35:*.wmv=01;35:*.asf=01;35:*.rm=01;35:*.rmvb=01;35:*.flc=01;35:*.avi=01;35:*.fli=01;35:*.flv=01;35:*.gl=01;35:*.dl=01;35:*.xcf=01;35:*.xwd=01;35:*.yuv=01;35:*.cgm=01;35:*.emf=01;35:*.ogv=01;35:*.ogx=01;35:*.aac=00;36:*.au=00;36:*.flac=00;36:*.m4a=00;36:*.mid=00;36:*.midi=00;36:*.mka=00;36:*.mp3=00;36:*.mpc=00;36:*.ogg=00;36:*.ra=00;36:*.wav=00;36:*.oga=00;36:*.opus=00;36:*.spx=00;36:*.xspf=00;36:'), ('VSCODE_GIT_IPC_HANDLE', '/run/user/1000/vscode-git-6cdf9cd762.sock'), ('TERM_PROGRAM', 'vscode'), ('SSH_AGENT_LAUNCHER', 'gnome-keyring'), ('SSH_AUTH_SOCK', '/run/user/1000/keyring/ssh'), ('GSETTINGS_SCHEMA_DIR', '/home/kushion/snap/code/235/.local/share/glib-2.0/schemas'), ('ROS_DOMAIN_ID', '0'), ('AMENT_PREFIX_PATH', '/home/kushion/Documents/OpenMantaClaus/install/interfaces:/home/kushion/Desktop/piles/pile_detection/IsaacSim-ros_workspaces/humble_ws/install/iw_hub_navigation:/home/kushion/Desktop/piles/pile_detection/IsaacSim-ros_workspaces/humble_ws/install/isaacsim:/home/kushion/Desktop/piles/pile_detection/IsaacSim-ros_workspaces/humble_ws/install/isaac_tutorials:/home/kushion/Desktop/piles/pile_detection/IsaacSim-ros_workspaces/humble_ws/install/isaac_ros_navigation_goal:/home/kushion/Desktop/piles/pile_detection/IsaacSim-ros_workspaces/humble_ws/install/isaac_ros2_messages:/home/kushion/Desktop/piles/pile_detection/IsaacSim-ros_workspaces/humble_ws/install/isaac_moveit:/home/kushion/Desktop/piles/pile_detection/IsaacSim-ros_workspaces/humble_ws/install/h1_fullbody_controller:/home/kushion/Desktop/piles/pile_detection/IsaacSim-ros_workspaces/humble_ws/install/custom_message:/home/kushion/Desktop/piles/pile_detection/IsaacSim-ros_workspaces/humble_ws/install/cmdvel_to_ackermann:/home/kushion/Desktop/piles/pile_detection/IsaacSim-ros_workspaces/humble_ws/install/carter_navigation:/opt/ros/humble'), ('SHELL', '/bin/bash'), ('QT_ACCESSIBILITY', '1'), ('GDMSESSION', 'ubuntu'), ('LESSCLOSE', '/usr/bin/lesspipe %s %s'), ('GTK_PATH_VSCODE_SNAP_ORIG', ''), ('FONTCONFIG_FILE', '/etc/fonts/fonts.conf'), ('GTK_IM_MODULE_FILE_VSCODE_SNAP_ORIG', ''), ('GJS_DEBUG_OUTPUT', 'stderr'), ('GZ_VERSION', 'harmonic'), ('VSCODE_GIT_ASKPASS_EXTRA_ARGS', ''), ('GIT_PAGER', 'cat'), ('QT_IM_MODULE', 'ibus'), ('PWD', '/home/kushion/Documents/OpenMantaClaus/build/ekfslam'), ('GIT_MERGE_AUTOEDIT', 'no'), ('GZ_TRANSPORT_USE_SHARED_MEMORY', '0'), ('LC_ALL', 'en_US.UTF-8'), ('XDG_CONFIG_DIRS', '/etc/xdg/xdg-ubuntu:/etc/xdg'), ('XDG_DATA_DIRS', '/home/kushion/snap/code/235/.local/share:/home/kushion/snap/code/235:/snap/code/235/usr/share:/usr/share/ubuntu:/usr/local/share/:/usr/share/:/var/lib/snapd/desktop'), ('PYTHONPATH', '/home/kushion/Documents/OpenMantaClaus/install/interfaces/local/lib/python3.10/dist-packages:/home/kushion/Desktop/piles/pile_detection/IsaacSim-ros_workspaces/humble_ws/install/isaac_ros_navigation_goal/lib/python3.10/site-packages:/home/kushion/Desktop/piles/pile_detection/IsaacSim-ros_workspaces/humble_ws/install/isaac_ros2_messages/local/lib/python3.10/dist-packages:/home/kushion/Desktop/piles/pile_detection/IsaacSim-ros_workspaces/humble_ws/install/custom_message/local/lib/python3.10/dist-packages:/opt/ros/humble/lib/python3.10/site-packages:/opt/ros/humble/local/lib/python3.10/dist-packages'), ('COLCON', '1'), ('CMAKE_PREFIX_PATH', '/home/kushion/Documents/OpenMantaClaus/install/interfaces:/home/kushion/Desktop/piles/pile_detection/IsaacSim-ros_workspaces/humble_ws/install/iw_hub_navigation:/home/kushion/Desktop/piles/pile_detection/IsaacSim-ros_workspaces/humble_ws/install/isaacsim:/home/kushion/Desktop/piles/pile_detection/IsaacSim-ros_workspaces/humble_ws/install/isaac_tutorials:/home/kushion/Desktop/piles/pile_detection/IsaacSim-ros_workspaces/humble_ws/install/isaac_ros2_messages:/home/kushion/Desktop/piles/pile_detection/IsaacSim-ros_workspaces/humble_ws/install/isaac_moveit:/home/kushion/Desktop/piles/pile_detection/IsaacSim-ros_workspaces/humble_ws/install/h1_fullbody_controller:/home/kushion/Desktop/piles/pile_detection/IsaacSim-ros_workspaces/humble_ws/install/custom_message:/home/kushion/Desktop/piles/pile_detection/IsaacSim-ros_workspaces/humble_ws/install/cmdvel_to_ackermann:/home/kushion/Desktop/piles/pile_detection/IsaacSim-ros_workspaces/humble_ws/install/carter_navigation:/home/kushion/Desktop/piles/pile_detection/IsaacSim-ros_workspaces/humble_ws/install/isaac_ros_navigation_goal:/opt/ros/humble')]), 'shell': False}
[10.532254] (ekfslam) StdoutLine: {'line': b'[ 25%] \x1b[32mBuilding CXX object CMakeFiles/ekfslam_node.dir/src/ekfslam.cpp.o\x1b[0m\n'}
[10.533083] (ekfslam) StdoutLine: {'line': b'[ 50%] \x1b[32mBuilding CXX object CMakeFiles/ekfslam_node.dir/src/utils/slam_params.cpp.o\x1b[0m\n'}
[10.534361] (-) TimerEvent: {}
[10.534725] (ekfslam) StdoutLine: {'line': b'[ 75%] \x1b[32mBuilding CXX object CMakeFiles/ekfslam_node.dir/src/utils/odometry.cpp.o\x1b[0m\n'}
[10.634579] (-) TimerEvent: {}
[10.735090] (-) TimerEvent: {}
[10.835600] (-) TimerEvent: {}
[10.936167] (-) TimerEvent: {}
[11.036770] (-) TimerEvent: {}
[11.137366] (-) TimerEvent: {}
[11.237998] (-) TimerEvent: {}
[11.338592] (-) TimerEvent: {}
[11.439227] (-) TimerEvent: {}
[11.539882] (-) TimerEvent: {}
[11.640597] (-) TimerEvent: {}
[11.741289] (-) TimerEvent: {}
[11.841944] (-) TimerEvent: {}
[11.942563] (-) TimerEvent: {}
[12.043213] (-) TimerEvent: {}
[12.143807] (-) TimerEvent: {}
[12.244360] (-) TimerEvent: {}
[12.344960] (-) TimerEvent: {}
[12.445561] (-) TimerEvent: {}
[12.546175] (-) TimerEvent: {}
[12.646780] (-) TimerEvent: {}
[12.747395] (-) TimerEvent: {}
[12.848009] (-) TimerEvent: {}
[12.948671] (-) TimerEvent: {}
[13.049268] (-) TimerEvent: {}
[13.149898] (-) TimerEvent: {}
[13.250565] (-) TimerEvent: {}
[13.351212] (-) TimerEvent: {}
[13.451886] (-) TimerEvent: {}
[13.552558] (-) TimerEvent: {}
[13.653214] (-) TimerEvent: {}
[13.753826] (-) TimerEvent: {}
[13.854459] (-) TimerEvent: {}
[13.955089] (-) TimerEvent: {}
[14.055775] (-) TimerEvent: {}
[14.156363] (-) TimerEvent: {}
[14.257050] (-) TimerEvent: {}
[14.357831] (-) TimerEvent: {}
[14.458362] (-) TimerEvent: {}
[14.558891] (-) TimerEvent: {}
[14.659429] (-) TimerEvent: {}
[14.759949] (-) TimerEvent: {}
[14.860433] (-) TimerEvent: {}
[14.960952] (-) TimerEvent: {}
[15.061482] (-) TimerEvent: {}
[15.162000] (-) TimerEvent: {}
[15.262499] (-) TimerEvent: {}
[15.362965] (-) TimerEvent: {}
[15.463477] (-) TimerEvent: {}
[15.563984] (-) TimerEvent: {}
[15.664469] (-) TimerEvent: {}
[15.765060] (-) TimerEvent: {}
[15.865565] (-) TimerEvent: {}
[15.966078] (-) TimerEvent: {}
[16.066590] (-) TimerEvent: {}
[16.167132] (-) TimerEvent: {}
[16.267656] (-) TimerEvent: {}
[16.368171] (-) TimerEvent: {}
[16.468704] (-) TimerEvent: {}
[16.569206] (-) TimerEvent: {}
[16.669741] (-) TimerEvent: {}
[16.770276] (-) TimerEvent: {}
[16.870806] (-) TimerEvent: {}
[16.971388] (-) TimerEvent: {}
[17.071896] (-) TimerEvent: {}
[17.172377] (-) TimerEvent: {}
[17.272865] (-) TimerEvent: {}
[17.373368] (-) TimerEvent: {}
[17.473912] (-) TimerEvent: {}
[17.574440] (-) TimerEvent: {}
[17.675078] (-) TimerEvent: {}
[17.775610] (-) TimerEvent: {}
[17.876154] (-) TimerEvent: {}
[17.976699] (-) TimerEvent: {}
[18.077235] (-) TimerEvent: {}
[18.177745] (-) TimerEvent: {}
[18.278262] (-) TimerEvent: {}
[18.378742] (-) TimerEvent: {}
[18.479277] (-) TimerEvent: {}
[18.579870] (-) TimerEvent: {}
[18.680394] (-) TimerEvent: {}
[18.780930] (-) TimerEvent: {}
[18.881450] (-) TimerEvent: {}
[18.981998] (-) TimerEvent: {}
[19.082514] (-) TimerEvent: {}
[19.183033] (-) TimerEvent: {}
[19.283543] (-) TimerEvent: {}
[19.384068] (-) TimerEvent: {}
[19.484606] (-) TimerEvent: {}
[19.585135] (-) TimerEvent: {}
[19.685635] (-) TimerEvent: {}
[19.786134] (-) TimerEvent: {}
[19.886632] (-) TimerEvent: {}
[19.987134] (-) TimerEvent: {}
[20.087642] (-) TimerEvent: {}
[20.188152] (-) TimerEvent: {}
[20.288687] (-) TimerEvent: {}
[20.389200] (-) TimerEvent: {}
[20.489723] (-) TimerEvent: {}
[20.590244] (-) TimerEvent: {}
[20.690765] (-) TimerEvent: {}
[20.791291] (-) TimerEvent: {}
[20.891817] (-) TimerEvent: {}
[20.992318] (-) TimerEvent: {}
[21.092836] (-) TimerEvent: {}
[21.193418] (-) TimerEvent: {}
[21.293956] (-) TimerEvent: {}
[21.394484] (-) TimerEvent: {}
[21.495013] (-) TimerEvent: {}
[21.595524] (-) TimerEvent: {}
[21.696044] (-) TimerEvent: {}
[21.796544] (-) TimerEvent: {}
[21.897065] (-) TimerEvent: {}
[21.997559] (-) TimerEvent: {}
[22.098115] (-) TimerEvent: {}
[22.198731] (-) TimerEvent: {}
[22.299209] (-) TimerEvent: {}
[22.399716] (-) TimerEvent: {}
[22.500215] (-) TimerEvent: {}
[22.600729] (-) TimerEvent: {}
[22.701251] (-) TimerEvent: {}
[22.801770] (-) TimerEvent: {}
[22.902383] (-) TimerEvent: {}
[23.002943] (-) TimerEvent: {}
[23.103443] (-) TimerEvent: {}
[23.203969] (-) TimerEvent: {}
[23.304479] (-) TimerEvent: {}
[23.405005] (-) TimerEvent: {}
[23.505577] (-) TimerEvent: {}
[23.606078] (-) TimerEvent: {}
[23.706592] (-) TimerEvent: {}
[23.807101] (-) TimerEvent: {}
[23.907590] (-) TimerEvent: {}
[24.008120] (-) TimerEvent: {}
[24.108687] (-) TimerEvent: {}
[24.209201] (-) TimerEvent: {}
[24.309707] (-) TimerEvent: {}
[24.410207] (-) TimerEvent: {}
[24.510718] (-) TimerEvent: {}
[24.611208] (-) TimerEvent: {}
[24.711727] (-) TimerEvent: {}
[24.812237] (-) TimerEvent: {}
[24.912765] (-) TimerEvent: {}
[25.013293] (-) TimerEvent: {}
[25.113835] (-) TimerEvent: {}
[25.214353] (-) TimerEvent: {}
[25.314941] (-) TimerEvent: {}
[25.415455] (-) TimerEvent: {}
[25.515950] (-) TimerEvent: {}
[25.616457] (-) TimerEvent: {}
[25.716952] (-) TimerEvent: {}
[25.817489] (-) TimerEvent: {}
[25.918022] (-) TimerEvent: {}
[26.018532] (-) TimerEvent: {}
[26.119114] (-) TimerEvent: {}
[26.219648] (-) TimerEvent: {}
[26.320178] (-) TimerEvent: {}
[26.420754] (-) TimerEvent: {}
[26.521357] (-) TimerEvent: {}
[26.621896] (-) TimerEvent: {}
[26.722402] (-) TimerEvent: {}
[26.822942] (-) TimerEvent: {}
[26.923463] (-) TimerEvent: {}
[27.024065] (-) TimerEvent: {}
[27.124602] (-) TimerEvent: {}
[27.225147] (-) TimerEvent: {}
[27.325690] (-) TimerEvent: {}
[27.426208] (-) TimerEvent: {}
[27.526751] (-) TimerEvent: {}
[27.627301] (-) TimerEvent: {}
[27.727903] (-) TimerEvent: {}
[27.828427] (-) TimerEvent: {}
[27.928960] (-) TimerEvent: {}
[28.029480] (-) TimerEvent: {}
[28.130044] (-) TimerEvent: {}
[28.230558] (-) TimerEvent: {}
[28.331050] (-) TimerEvent: {}
[28.431529] (-) TimerEvent: {}
[28.532068] (-) TimerEvent: {}
[28.632711] (-) TimerEvent: {}
[28.733218] (-) TimerEvent: {}
[28.833726] (-) TimerEvent: {}
[28.934322] (-) TimerEvent: {}
[29.034865] (-) TimerEvent: {}
[29.135399] (-) TimerEvent: {}
[29.235933] (-) TimerEvent: {}
[29.336462] (-) TimerEvent: {}
[29.436979] (-) TimerEvent: {}
[29.537485] (-) TimerEvent: {}
[29.638030] (-) TimerEvent: {}
[29.738568] (-) TimerEvent: {}
[29.839114] (-) TimerEvent: {}
[29.939727] (-) TimerEvent: {}
[30.040254] (-) TimerEvent: {}
[30.140775] (-) TimerEvent: {}
[30.241316] (-) TimerEvent: {}
[30.341822] (-) TimerEvent: {}
[30.442343] (-) TimerEvent: {}
[30.542863] (-) TimerEvent: {}
[30.643344] (-) TimerEvent: {}
[30.743884] (-) TimerEvent: {}
[30.844389] (-) TimerEvent: {}
[30.944911] (-) TimerEvent: {}
[31.045421] (-) TimerEvent: {}
[31.145886] (-) TimerEvent: {}
[31.246424] (-) TimerEvent: {}
[31.347010] (-) TimerEvent: {}
[31.447524] (-) TimerEvent: {}
[31.548072] (-) TimerEvent: {}
[31.648564] (-) TimerEvent: {}
[31.749077] (-) TimerEvent: {}
[31.849583] (-) TimerEvent: {}
[31.950113] (-) TimerEvent: {}
[32.050642] (-) TimerEvent: {}
[32.151173] (-) TimerEvent: {}
[32.251714] (-) TimerEvent: {}
[32.352298] (-) TimerEvent: {}
[32.452836] (-) TimerEvent: {}
[32.553368] (-) TimerEvent: {}
[32.653977] (-) TimerEvent: {}
[32.754481] (-) TimerEvent: {}
[32.854988] (-) TimerEvent: {}
[32.955485] (-) TimerEvent: {}
[33.055999] (-) TimerEvent: {}
[33.156507] (-) TimerEvent: {}
[33.257032] (-) TimerEvent: {}
[33.357553] (-) TimerEvent: {}
[33.458095] (-) TimerEvent: {}
[33.558585] (-) TimerEvent: {}
[33.659099] (-) TimerEvent: {}
[33.759598] (-) TimerEvent: {}
[33.860108] (-) TimerEvent: {}
[33.960614] (-) TimerEvent: {}
[34.061149] (-) TimerEvent: {}
[34.161693] (-) TimerEvent: {}
[34.262248] (-) TimerEvent: {}
[34.362828] (-) TimerEvent: {}
[34.463592] (-) TimerEvent: {}
[34.564120] (-) TimerEvent: {}
[34.664736] (-) TimerEvent: {}
[34.765250] (-) TimerEvent: {}
[34.865745] (-) TimerEvent: {}
[34.966232] (-) TimerEvent: {}
[35.066725] (-) TimerEvent: {}
[35.167215] (-) TimerEvent: {}
[35.267750] (-) TimerEvent: {}
[35.368265] (-) TimerEvent: {}
[35.468795] (-) TimerEvent: {}
[35.569325] (-) TimerEvent: {}
[35.669875] (-) TimerEvent: {}
[35.770368] (-) TimerEvent: {}
[35.870899] (-) TimerEvent: {}
[35.971407] (-) TimerEvent: {}
[36.071905] (-) TimerEvent: {}
[36.172389] (-) TimerEvent: {}
[36.272892] (-) TimerEvent: {}
[36.373416] (-) TimerEvent: {}
[36.474002] (-) TimerEvent: {}
[36.574517] (-) TimerEvent: {}
[36.675071] (-) TimerEvent: {}
[36.775582] (-) TimerEvent: {}
[36.876089] (-) TimerEvent: {}
[36.976585] (-) TimerEvent: {}
[37.077088] (-) TimerEvent: {}
[37.177570] (-) TimerEvent: {}
[37.278082] (-) TimerEvent: {}
[37.378604] (-) TimerEvent: {}
[37.479152] (-) TimerEvent: {}
[37.579673] (-) TimerEvent: {}
[37.680163] (-) TimerEvent: {}
[37.780654] (-) TimerEvent: {}
[37.881147] (-) TimerEvent: {}
[37.981636] (-) TimerEvent: {}
[38.082094] (-) TimerEvent: {}
[38.182580] (-) TimerEvent: {}
[38.283089] (-) TimerEvent: {}
[38.383607] (-) TimerEvent: {}
[38.484148] (-) TimerEvent: {}
[38.584630] (-) TimerEvent: {}
[38.685106] (-) TimerEvent: {}
[38.785588] (-) TimerEvent: {}
[38.886091] (-) TimerEvent: {}
[38.986597] (-) TimerEvent: {}
[39.087084] (-) TimerEvent: {}
[39.187559] (-) TimerEvent: {}
[39.288044] (-) TimerEvent: {}
[39.388544] (-) TimerEvent: {}
[39.489036] (-) TimerEvent: {}
[39.589534] (-) TimerEvent: {}
[39.690079] (-) TimerEvent: {}
[39.790554] (-) TimerEvent: {}
[39.891056] (-) TimerEvent: {}
[39.991539] (-) TimerEvent: {}
[40.092066] (-) TimerEvent: {}
[40.192551] (-) TimerEvent: {}
[40.293029] (-) TimerEvent: {}
[40.393518] (-) TimerEvent: {}
[40.494079] (-) TimerEvent: {}
[40.594559] (-) TimerEvent: {}
[40.695075] (-) TimerEvent: {}
[40.795579] (-) TimerEvent: {}
[40.896098] (-) TimerEvent: {}
[40.996630] (-) TimerEvent: {}
[41.097172] (-) TimerEvent: {}
[41.197660] (-) TimerEvent: {}
[41.298145] (-) TimerEvent: {}
[41.398671] (-) TimerEvent: {}
[41.499165] (-) TimerEvent: {}
[41.599685] (-) TimerEvent: {}
[41.700150] (-) TimerEvent: {}
[41.800638] (-) TimerEvent: {}
[41.901196] (-) TimerEvent: {}
[42.001775] (-) TimerEvent: {}
[42.102282] (-) TimerEvent: {}
[42.202790] (-) TimerEvent: {}
[42.303274] (-) TimerEvent: {}
[42.403766] (-) TimerEvent: {}
[42.504277] (-) TimerEvent: {}
[42.604763] (-) TimerEvent: {}
[42.705237] (-) TimerEvent: {}
[42.805743] (-) TimerEvent: {}
[42.906248] (-) TimerEvent: {}
[43.006766] (-) TimerEvent: {}
[43.107251] (-) TimerEvent: {}
[43.207747] (-) TimerEvent: {}
[43.308232] (-) TimerEvent: {}
[43.408722] (-) TimerEvent: {}
[43.509224] (-) TimerEvent: {}
[43.609730] (-) TimerEvent: {}
[43.710213] (-) TimerEvent: {}
[43.810750] (-) TimerEvent: {}
[43.911249] (-) TimerEvent: {}
[44.011745] (-) TimerEvent: {}
[44.112233] (-) TimerEvent: {}
[44.212740] (-) TimerEvent: {}
[44.313240] (-) TimerEvent: {}
[44.413759] (-) TimerEvent: {}
[44.514274] (-) TimerEvent: {}
[44.614771] (-) TimerEvent: {}
[44.715281] (-) TimerEvent: {}
[44.815846] (-) TimerEvent: {}
[44.916348] (-) TimerEvent: {}
[45.016854] (-) TimerEvent: {}
[45.117380] (-) TimerEvent: {}
[45.217942] (-) TimerEvent: {}
[45.318446] (-) TimerEvent: {}
[45.418986] (-) TimerEvent: {}
[45.519513] (-) TimerEvent: {}
[45.620016] (-) TimerEvent: {}
[45.720487] (-) TimerEvent: {}
[45.820994] (-) TimerEvent: {}
[45.921496] (-) TimerEvent: {}
[46.021992] (-) TimerEvent: {}
[46.122457] (-) TimerEvent: {}
[46.222945] (-) TimerEvent: {}
[46.323442] (-) TimerEvent: {}
[46.423945] (-) TimerEvent: {}
[46.524445] (-) TimerEvent: {}
[46.624993] (-) TimerEvent: {}
[46.725607] (-) TimerEvent: {}
[46.826128] (-) TimerEvent: {}
[46.926644] (-) TimerEvent: {}
[47.027178] (-) TimerEvent: {}
[47.127692] (-) TimerEvent: {}
[47.228198] (-) TimerEvent: {}
[47.328720] (-) TimerEvent: {}
[47.429209] (-) TimerEvent: {}
[47.529719] (-) TimerEvent: {}
[47.630197] (-) TimerEvent: {}
[47.730682] (-) TimerEvent: {}
[47.831179] (-) TimerEvent: {}
[47.931700] (-) TimerEvent: {}
[48.032206] (-) TimerEvent: {}
[48.132736] (-) TimerEvent: {}
[48.233244] (-) TimerEvent: {}
[48.333755] (-) TimerEvent: {}
[48.434263] (-) TimerEvent: {}
[48.534756] (-) TimerEvent: {}
[48.635231] (-) TimerEvent: {}
[48.735771] (-) TimerEvent: {}
[48.836285] (-) TimerEvent: {}
[48.936789] (-) TimerEvent: {}
[49.037287] (-) TimerEvent: {}
[49.137738] (-) TimerEvent: {}
[49.238209] (-) TimerEvent: {}
[49.338701] (-) TimerEvent: {}
[49.439178] (-) TimerEvent: {}
[49.539685] (-) TimerEvent: {}
[49.640191] (-) TimerEvent: {}
[49.740717] (-) TimerEvent: {}
[49.841240] (-) TimerEvent: {}
[49.941767] (-) TimerEvent: {}
[50.042299] (-) TimerEvent: {}
[50.142823] (-) TimerEvent: {}
[50.243312] (-) TimerEvent: {}
[50.343931] (-) TimerEvent: {}
[50.444471] (-) TimerEvent: {}
[50.544993] (-) TimerEvent: {}
[50.645504] (-) TimerEvent: {}
[50.746044] (-) TimerEvent: {}
[50.846573] (-) TimerEvent: {}
[50.947101] (-) TimerEvent: {}
[51.047633] (-) TimerEvent: {}
[51.148157] (-) TimerEvent: {}
[51.248725] (-) TimerEvent: {}
[51.349219] (-) TimerEvent: {}
[51.449750] (-) TimerEvent: {}
[51.550262] (-) TimerEvent: {}
[51.650750] (-) TimerEvent: {}
[51.751274] (-) TimerEvent: {}
[51.851748] (-) TimerEvent: {}
[51.952239] (-) TimerEvent: {}
[52.052730] (-) TimerEvent: {}
[52.102943] (ekfslam) StdoutLine: {'line': b'[100%] \x1b[32m\x1b[1mLinking CXX executable ekfslam_node\x1b[0m\n'}
[52.152889] (-) TimerEvent: {}
[52.253387] (-) TimerEvent: {}
[52.353898] (-) TimerEvent: {}
[52.454417] (-) TimerEvent: {}
[52.554910] (-) TimerEvent: {}
[52.655432] (-) TimerEvent: {}
[52.755947] (-) TimerEvent: {}
[52.856454] (-) TimerEvent: {}
[52.956965] (-) TimerEvent: {}
[53.057478] (-) TimerEvent: {}
[53.158011] (-) TimerEvent: {}
[53.258499] (-) TimerEvent: {}
[53.359006] (-) TimerEvent: {}
[53.459533] (-) TimerEvent: {}
[53.560173] (-) TimerEvent: {}
[53.660705] (-) TimerEvent: {}
[53.761241] (-) TimerEvent: {}
[53.861774] (-) TimerEvent: {}
[53.962287] (-) TimerEvent: {}
[54.062755] (-) TimerEvent: {}
[54.163281] (-) TimerEvent: {}
[54.263759] (-) TimerEvent: {}
[54.340129] (ekfslam) StdoutLine: {'line': b'[100%] Built target ekfslam_node\n'}
[54.355349] (ekfslam) CommandEnded: {'returncode': 0}
[54.357835] (ekfslam) JobProgress: {'identifier': 'ekfslam', 'progress': 'install'}
[54.358292] (ekfslam) Command: {'cmd': ['/usr/bin/cmake', '--install', '/home/kushion/Documents/OpenMantaClaus/build/ekfslam'], 'cwd': '/home/kushion/Documents/OpenMantaClaus/build/ekfslam', 'env': OrderedDict([('GJS_DEBUG_TOPICS', 'JS ERROR;JS LOG'), ('PYTHON_BASIC_REPL', '1'), ('LESSOPEN', '| /usr/bin/lesspipe %s'), ('GZ_SIM_RESOURCE_PATH', ':/home/kushion/Documents/robocup_work/src/robot_description/model:/home/kushion/Documents/robocup_work/src/robot_description/model'), ('LANGUAGE', 'en_AU:en'), ('USER', 'kushion'), ('FONTCONFIG_PATH', '/etc/fonts'), ('GZ_CONFIG_PATH', '/usr/share/gz'), ('GIT_EDITOR', ':'), ('GIO_MODULE_DIR', '/home/kushion/snap/code/common/.cache/gio-modules'), ('XDG_SESSION_TYPE', 'wayland'), ('GIT_ASKPASS', '/snap/code/235/usr/share/code/resources/app/extensions/git/dist/askpass.sh'), ('GTK_EXE_PREFIX_VSCODE_SNAP_ORIG', ''), ('GDK_BACKEND_VSCODE_SNAP_ORIG', ''), ('SHLVL', '1'), ('LD_LIBRARY_PATH', '/home/kushion/Documents/OpenMantaClaus/install/interfaces/lib:/home/kushion/Desktop/piles/pile_detection/IsaacSim-ros_workspaces/humble_ws/install/isaac_ros2_messages/lib:/home/kushion/Desktop/piles/pile_detection/IsaacSim-ros_workspaces/humble_ws/install/custom_message/lib:/opt/ros/humble/opt/rviz_ogre_vendor/lib:/opt/ros/humble/lib/x86_64-linux-gnu:/opt/ros/humble/lib:/home/kushion/Documents/acados/lib:/home/kushion/Documents/robocup_work/c_generated_code:/home/kushion/Documents/acados/lib:/home/kushion/Documents/robocup_work/c_generated_code'), ('ACADOS_SOURCE_DIR', '/home/kushion/Documents/acados'), ('HOME', '/home/kushion'), ('CHROME_DESKTOP', 'code.desktop'), ('LOCPATH_VSCODE_SNAP_ORIG', ''), ('TERM_PROGRAM_VERSION', '1.117.0'), ('DESKTOP_SESSION', 'ubuntu'), ('GTK_PATH', '/snap/code/235/usr/lib/x86_64-linux-gnu/gtk-3.0'), ('XDG_DATA_HOME_VSCODE_SNAP_ORIG', ''), ('GTK_IM_MODULE_FILE', '/home/kushion/snap/code/common/.cache/immodules/immodules.cache'), ('GIO_LAUNCHED_DESKTOP_FILE', '/var/lib/snapd/desktop/applications/code_code.desktop'), ('ROS_PYTHON_VERSION', '3'), ('GNOME_SHELL_SESSION_MODE', 'ubuntu'), ('GTK_MODULES', 'gail:atk-bridge'), ('GSETTINGS_SCHEMA_DIR_VSCODE_SNAP_ORIG', ''), ('VSCODE_GIT_ASKPASS_MAIN', '/snap/code/235/usr/share/code/resources/app/extensions/git/dist/askpass-main.js'), ('VSCODE_GIT_ASKPASS_NODE', '/snap/code/235/usr/share/code/code'), ('MANAGERPID', '1230'), ('PYDEVD_DISABLE_FILE_VALIDATION', '1'), ('SYSTEMD_EXEC_PID', '1528'), ('BUNDLED_DEBUGPY_PATH', '/home/kushion/.vscode/extensions/ms-python.debugpy-2026.6.0-linux-x64/bundled/libs/debugpy'), ('IM_CONFIG_CHECK_ENV', '1'), ('VSCODE_PYTHON_AUTOACTIVATE_GUARD', '1'), ('DBUS_SESSION_BUS_ADDRESS', 'unix:path=/run/user/1000/bus'), ('COLORTERM', 'truecolor'), ('GIO_LAUNCHED_DESKTOP_FILE_PID', '494115'), ('IM_CONFIG_PHASE', '1'), ('WAYLAND_DISPLAY', 'wayland-0'), ('COLCON_PREFIX_PATH', '/home/kushion/Desktop/piles/pile_detection/IsaacSim-ros_workspaces/humble_ws/install'), ('ROS_DISTRO', 'humble'), ('LOGNAME', 'kushion'), ('JOURNAL_STREAM', '8:26819'), ('_', '/usr/bin/colcon'), ('ROS_VERSION', '2'), ('XDG_CONFIG_DIRS_VSCODE_SNAP_ORIG', '/etc/xdg/xdg-ubuntu:/etc/xdg'), ('XDG_SESSION_CLASS', 'user'), ('XDG_DATA_DIRS_VSCODE_SNAP_ORIG', '/usr/share/ubuntu:/usr/local/share/:/usr/share/:/var/lib/snapd/desktop'), ('USERNAME', 'kushion'), ('TERM', 'xterm-256color'), ('GNOME_DESKTOP_SESSION_ID', 'this-is-deprecated'), ('FC_FONTATIONS', '1'), ('ROS_LOCALHOST_ONLY', '0'), ('HISTCONTROL', 'ignorespace'), ('PATH', '/home/kushion/.config/Code/User/globalStorage/github.copilot-chat/debugCommand:/home/kushion/.config/Code/User/globalStorage/github.copilot-chat/copilotCli:/home/kushion/Documents/ardupilot/Tools/autotest:/usr/lib/ccache:/home/kushion/Desktop/SAUVC/ardupilot/Tools/autotest:/opt/gcc-arm-none-eabi-10-2020-q4-major/bin:/home/kushion/.local/bin:/opt/ros/humble/bin:/home/kushion/Documents/ardupilot/Tools/autotest:/usr/lib/ccache:/home/kushion/Desktop/SAUVC/ardupilot/Tools/autotest:/opt/gcc-arm-none-eabi-10-2020-q4-major/bin:/home/kushion/.local/bin:/usr/local/sbin:/usr/local/bin:/usr/sbin:/usr/bin:/sbin:/bin:/usr/games:/usr/local/games:/snap/bin:/snap/bin:/home/kushion/.vscode/extensions/ms-python.debugpy-2026.6.0-linux-x64/bundled/scripts/noConfigScripts'), ('SESSION_MANAGER', 'local/kushion-Inspiron-16-Plus-7640:@/tmp/.ICE-unix/1502,unix/kushion-Inspiron-16-Plus-7640:/tmp/.ICE-unix/1502'), ('GTK_EXE_PREFIX', '/snap/code/235/usr'), ('INVOCATION_ID', '6961dd283a234b75911ffe506126379d'), ('XDG_MENU_PREFIX', 'gnome-'), ('GNOME_SETUP_DISPLAY', ':1'), ('XDG_RUNTIME_DIR', '/run/user/1000'), ('GDK_BACKEND', 'x11'), ('DISPLAY', ':0'), ('LOCPATH', '/snap/code/235/usr/lib/locale'), ('VSCODE_DEBUGPY_ADAPTER_ENDPOINTS', '/home/kushion/.vscode/extensions/ms-python.debugpy-2026.6.0-linux-x64/.noConfigDebugAdapterEndpoints/endpoint-3c455a856550ef91.txt'), ('LANG', 'en_US.UTF-8'), ('XDG_CURRENT_DESKTOP', 'ubuntu:GNOME'), ('PYTHONSTARTUP', '/home/kushion/.config/Code/User/workspaceStorage/7c773a938c815b93dd5471a2c4c26d0a/ms-python.python/pythonrc.py'), ('GIO_MODULE_DIR_VSCODE_SNAP_ORIG', ''), ('XDG_DATA_HOME', '/home/kushion/snap/code/235/.local/share'), ('XMODIFIERS', '@im=ibus'), ('XDG_SESSION_DESKTOP', 'ubuntu'), ('XAUTHORITY', '/run/user/1000/.mutter-Xwaylandauth.0P72Q3'), ('LS_COLORS', 'rs=0:di=01;34:ln=01;36:mh=00:pi=40;33:so=01;35:do=01;35:bd=40;33;01:cd=40;33;01:or=40;31;01:mi=00:su=37;41:sg=30;43:ca=30;41:tw=30;42:ow=34;42:st=37;44:ex=01;32:*.tar=01;31:*.tgz=01;31:*.arc=01;31:*.arj=01;31:*.taz=01;31:*.lha=01;31:*.lz4=01;31:*.lzh=01;31:*.lzma=01;31:*.tlz=01;31:*.txz=01;31:*.tzo=01;31:*.t7z=01;31:*.zip=01;31:*.z=01;31:*.dz=01;31:*.gz=01;31:*.lrz=01;31:*.lz=01;31:*.lzo=01;31:*.xz=01;31:*.zst=01;31:*.tzst=01;31:*.bz2=01;31:*.bz=01;31:*.tbz=01;31:*.tbz2=01;31:*.tz=01;31:*.deb=01;31:*.rpm=01;31:*.jar=01;31:*.war=01;31:*.ear=01;31:*.sar=01;31:*.rar=01;31:*.alz=01;31:*.ace=01;31:*.zoo=01;31:*.cpio=01;31:*.7z=01;31:*.rz=01;31:*.cab=01;31:*.wim=01;31:*.swm=01;31:*.dwm=01;31:*.esd=01;31:*.jpg=01;35:*.jpeg=01;35:*.mjpg=01;35:*.mjpeg=01;35:*.gif=01;35:*.bmp=01;35:*.pbm=01;35:*.pgm=01;35:*.ppm=01;35:*.tga=01;35:*.xbm=01;35:*.xpm=01;35:*.tif=01;35:*.tiff=01;35:*.png=01;35:*.svg=01;35:*.svgz=01;35:*.mng=01;35:*.pcx=01;35:*.mov=01;35:*.mpg=01;35:*.mpeg=01;35:*.m2v=01;35:*.mkv=01;35:*.webm=01;35:*.webp=01;35:*.ogm=01;35:*.mp4=01;35:*.m4v=01;35:*.mp4v=01;35:*.vob=01;35:*.qt=01;35:*.nuv=01;35:*.wmv=01;35:*.asf=01;35:*.rm=01;35:*.rmvb=01;35:*.flc=01;35:*.avi=01;35:*.fli=01;35:*.flv=01;35:*.gl=01;35:*.dl=01;35:*.xcf=01;35:*.xwd=01;35:*.yuv=01;35:*.cgm=01;35:*.emf=01;35:*.ogv=01;35:*.ogx=01;35:*.aac=00;36:*.au=00;36:*.flac=00;36:*.m4a=00;36:*.mid=00;36:*.midi=00;36:*.mka=00;36:*.mp3=00;36:*.mpc=00;36:*.ogg=00;36:*.ra=00;36:*.wav=00;36:*.oga=00;36:*.opus=00;36:*.spx=00;36:*.xspf=00;36:'), ('VSCODE_GIT_IPC_HANDLE', '/run/user/1000/vscode-git-6cdf9cd762.sock'), ('TERM_PROGRAM', 'vscode'), ('SSH_AGENT_LAUNCHER', 'gnome-keyring'), ('SSH_AUTH_SOCK', '/run/user/1000/keyring/ssh'), ('GSETTINGS_SCHEMA_DIR', '/home/kushion/snap/code/235/.local/share/glib-2.0/schemas'), ('ROS_DOMAIN_ID', '0'), ('AMENT_PREFIX_PATH', '/home/kushion/Documents/OpenMantaClaus/install/interfaces:/home/kushion/Desktop/piles/pile_detection/IsaacSim-ros_workspaces/humble_ws/install/iw_hub_navigation:/home/kushion/Desktop/piles/pile_detection/IsaacSim-ros_workspaces/humble_ws/install/isaacsim:/home/kushion/Desktop/piles/pile_detection/IsaacSim-ros_workspaces/humble_ws/install/isaac_tutorials:/home/kushion/Desktop/piles/pile_detection/IsaacSim-ros_workspaces/humble_ws/install/isaac_ros_navigation_goal:/home/kushion/Desktop/piles/pile_detection/IsaacSim-ros_workspaces/humble_ws/install/isaac_ros2_messages:/home/kushion/Desktop/piles/pile_detection/IsaacSim-ros_workspaces/humble_ws/install/isaac_moveit:/home/kushion/Desktop/piles/pile_detection/IsaacSim-ros_workspaces/humble_ws/install/h1_fullbody_controller:/home/kushion/Desktop/piles/pile_detection/IsaacSim-ros_workspaces/humble_ws/install/custom_message:/home/kushion/Desktop/piles/pile_detection/IsaacSim-ros_workspaces/humble_ws/install/cmdvel_to_ackermann:/home/kushion/Desktop/piles/pile_detection/IsaacSim-ros_workspaces/humble_ws/install/carter_navigation:/opt/ros/humble'), ('SHELL', '/bin/bash'), ('QT_ACCESSIBILITY', '1'), ('GDMSESSION', 'ubuntu'), ('LESSCLOSE', '/usr/bin/lesspipe %s %s'), ('GTK_PATH_VSCODE_SNAP_ORIG', ''), ('FONTCONFIG_FILE', '/etc/fonts/fonts.conf'), ('GTK_IM_MODULE_FILE_VSCODE_SNAP_ORIG', ''), ('GJS_DEBUG_OUTPUT', 'stderr'), ('GZ_VERSION', 'harmonic'), ('VSCODE_GIT_ASKPASS_EXTRA_ARGS', ''), ('GIT_PAGER', 'cat'), ('QT_IM_MODULE', 'ibus'), ('PWD', '/home/kushion/Documents/OpenMantaClaus/build/ekfslam'), ('GIT_MERGE_AUTOEDIT', 'no'), ('GZ_TRANSPORT_USE_SHARED_MEMORY', '0'), ('LC_ALL', 'en_US.UTF-8'), ('XDG_CONFIG_DIRS', '/etc/xdg/xdg-ubuntu:/etc/xdg'), ('XDG_DATA_DIRS', '/home/kushion/snap/code/235/.local/share:/home/kushion/snap/code/235:/snap/code/235/usr/share:/usr/share/ubuntu:/usr/local/share/:/usr/share/:/var/lib/snapd/desktop'), ('PYTHONPATH', '/home/kushion/Documents/OpenMantaClaus/install/interfaces/local/lib/python3.10/dist-packages:/home/kushion/Desktop/piles/pile_detection/IsaacSim-ros_workspaces/humble_ws/install/isaac_ros_navigation_goal/lib/python3.10/site-packages:/home/kushion/Desktop/piles/pile_detection/IsaacSim-ros_workspaces/humble_ws/install/isaac_ros2_messages/local/lib/python3.10/dist-packages:/home/kushion/Desktop/piles/pile_detection/IsaacSim-ros_workspaces/humble_ws/install/custom_message/local/lib/python3.10/dist-packages:/opt/ros/humble/lib/python3.10/site-packages:/opt/ros/humble/local/lib/python3.10/dist-packages'), ('COLCON', '1'), ('CMAKE_PREFIX_PATH', '/home/kushion/Documents/OpenMantaClaus/install/interfaces:/home/kushion/Desktop/piles/pile_detection/IsaacSim-ros_workspaces/humble_ws/install/iw_hub_navigation:/home/kushion/Desktop/piles/pile_detection/IsaacSim-ros_workspaces/humble_ws/install/isaacsim:/home/kushion/Desktop/piles/pile_detection/IsaacSim-ros_workspaces/humble_ws/install/isaac_tutorials:/home/kushion/Desktop/piles/pile_detection/IsaacSim-ros_workspaces/humble_ws/install/isaac_ros2_messages:/home/kushion/Desktop/piles/pile_detection/IsaacSim-ros_workspaces/humble_ws/install/isaac_moveit:/home/kushion/Desktop/piles/pile_detection/IsaacSim-ros_workspaces/humble_ws/install/h1_fullbody_controller:/home/kushion/Desktop/piles/pile_detection/IsaacSim-ros_workspaces/humble_ws/install/custom_message:/home/kushion/Desktop/piles/pile_detection/IsaacSim-ros_workspaces/humble_ws/install/cmdvel_to_ackermann:/home/kushion/Desktop/piles/pile_detection/IsaacSim-ros_workspaces/humble_ws/install/carter_navigation:/home/kushion/Desktop/piles/pile_detection/IsaacSim-ros_workspaces/humble_ws/install/isaac_ros_navigation_goal:/opt/ros/humble')]), 'shell': False}
[54.363802] (-) TimerEvent: {}
[54.368239] (ekfslam) StdoutLine: {'line': b'-- Install configuration: ""\n'}
[54.368453] (ekfslam) StdoutLine: {'line': b'-- Installing: /home/kushion/Documents/OpenMantaClaus/install/ekfslam/lib/ekfslam/ekfslam_node\n'}
[54.382509] (ekfslam) StdoutLine: {'line': b'-- Set runtime path of "/home/kushion/Documents/OpenMantaClaus/install/ekfslam/lib/ekfslam/ekfslam_node" to ""\n'}
[54.382728] (ekfslam) StdoutLine: {'line': b'-- Installing: /home/kushion/Documents/OpenMantaClaus/install/ekfslam/include\n'}
[54.382804] (ekfslam) StdoutLine: {'line': b'-- Installing: /home/kushion/Documents/OpenMantaClaus/install/ekfslam/include/ekfslam\n'}
[54.382872] (ekfslam) StdoutLine: {'line': b'-- Installing: /home/kushion/Documents/OpenMantaClaus/install/ekfslam/include/ekfslam/odometry.hpp\n'}
[54.382974] (ekfslam) StdoutLine: {'line': b'-- Installing: /home/kushion/Documents/OpenMantaClaus/install/ekfslam/include/ekfslam/utils\n'}
[54.383081] (ekfslam) StdoutLine: {'line': b'-- Installing: /home/kushion/Documents/OpenMantaClaus/install/ekfslam/include/ekfslam/utils/slam_params.hpp\n'}
[54.383148] (ekfslam) StdoutLine: {'line': b'-- Installing: /home/kushion/Documents/OpenMantaClaus/install/ekfslam/include/ekfslam/ekfslam.hpp\n'}
[54.383242] (ekfslam) StdoutLine: {'line': b'-- Installing: /home/kushion/Documents/OpenMantaClaus/install/ekfslam/share/ament_index/resource_index/package_run_dependencies/ekfslam\n'}
[54.383373] (ekfslam) StdoutLine: {'line': b'-- Installing: /home/kushion/Documents/OpenMantaClaus/install/ekfslam/share/ament_index/resource_index/parent_prefix_path/ekfslam\n'}
[54.383549] (ekfslam) StdoutLine: {'line': b'-- Installing: /home/kushion/Documents/OpenMantaClaus/install/ekfslam/share/ekfslam/environment/ament_prefix_path.sh\n'}
[54.383695] (ekfslam) StdoutLine: {'line': b'-- Installing: /home/kushion/Documents/OpenMantaClaus/install/ekfslam/share/ekfslam/environment/ament_prefix_path.dsv\n'}
[54.383832] (ekfslam) StdoutLine: {'line': b'-- Installing: /home/kushion/Documents/OpenMantaClaus/install/ekfslam/share/ekfslam/environment/path.sh\n'}
[54.383955] (ekfslam) StdoutLine: {'line': b'-- Installing: /home/kushion/Documents/OpenMantaClaus/install/ekfslam/share/ekfslam/environment/path.dsv\n'}
[54.384081] (ekfslam) StdoutLine: {'line': b'-- Installing: /home/kushion/Documents/OpenMantaClaus/install/ekfslam/share/ekfslam/local_setup.bash\n'}
[54.384218] (ekfslam) StdoutLine: {'line': b'-- Installing: /home/kushion/Documents/OpenMantaClaus/install/ekfslam/share/ekfslam/local_setup.sh\n'}
[54.384348] (ekfslam) StdoutLine: {'line': b'-- Installing: /home/kushion/Documents/OpenMantaClaus/install/ekfslam/share/ekfslam/local_setup.zsh\n'}
[54.384476] (ekfslam) StdoutLine: {'line': b'-- Installing: /home/kushion/Documents/OpenMantaClaus/install/ekfslam/share/ekfslam/local_setup.dsv\n'}
[54.384605] (ekfslam) StdoutLine: {'line': b'-- Installing: /home/kushion/Documents/OpenMantaClaus/install/ekfslam/share/ekfslam/package.dsv\n'}
[54.384788] (ekfslam) StdoutLine: {'line': b'-- Installing: /home/kushion/Documents/OpenMantaClaus/install/ekfslam/share/ament_index/resource_index/packages/ekfslam\n'}
[54.384955] (ekfslam) StdoutLine: {'line': b'-- Installing: /home/kushion/Documents/OpenMantaClaus/install/ekfslam/share/ekfslam/cmake/ekfslamConfig.cmake\n'}
[54.385062] (ekfslam) StdoutLine: {'line': b'-- Installing: /home/kushion/Documents/OpenMantaClaus/install/ekfslam/share/ekfslam/cmake/ekfslamConfig-version.cmake\n'}
[54.385183] (ekfslam) StdoutLine: {'line': b'-- Installing: /home/kushion/Documents/OpenMantaClaus/install/ekfslam/share/ekfslam/package.xml\n'}
[54.388281] (ekfslam) CommandEnded: {'returncode': 0}
[54.404319] (ekfslam) JobEnded: {'identifier': 'ekfslam', 'rc': 0}
[54.405105] (-) EventReactorShutdown: {}
